-- phpMyAdmin SQL Dump
-- version 4.5.5.1
-- http://www.phpmyadmin.net
--
-- Host: 127.0.0.1
-- Generation Time: Mar 25, 2018 at 04:09 PM
-- Server version: 5.7.11
-- PHP Version: 5.6.19

SET SQL_MODE = "NO_AUTO_VALUE_ON_ZERO";
SET time_zone = "+00:00";


/*!40101 SET @OLD_CHARACTER_SET_CLIENT=@@CHARACTER_SET_CLIENT */;
/*!40101 SET @OLD_CHARACTER_SET_RESULTS=@@CHARACTER_SET_RESULTS */;
/*!40101 SET @OLD_COLLATION_CONNECTION=@@COLLATION_CONNECTION */;
/*!40101 SET NAMES utf8mb4 */;

--
-- Database: `the92shop`
--

-- --------------------------------------------------------

--
-- Table structure for table `customer`
--

CREATE TABLE `customer` (
  `Cust_Id` int(30) NOT NULL,
  `Name` varchar(50) NOT NULL,
  `Phone_number` varchar(10) NOT NULL,
  `Address` varchar(100) NOT NULL,
  `Postal_Code` varchar(30) NOT NULL
) ENGINE=InnoDB DEFAULT CHARSET=latin1;

--
-- Dumping data for table `customer`
--

INSERT INTO `customer` (`Cust_Id`, `Name`, `Phone_number`, `Address`, `Postal_Code`) VALUES
(1, 'Racheal Loy', '96245546', '410 Canberra Road #13-55', '750410'),
(2, 'Jean Wong', '98685252', '30 Jalan Bahagia #12-33', '320030'),
(3, 'Jiao Jun', '85467999', '155 Mei Ling Street #23-44', '140155'),
(4, 'Joanna Thew', '85879988', '15 Queen\'s Close #17-66', '140015'),
(5, 'Marge Fung', '95549989', '34 Eunos Crescent #15-90', '400034'),
(6, 'Tang Ming Kit', '97552119', '17 Ghim Moh Road #02-45', '270017'),
(7, 'Fan Ke Lin', '88228946', '89 Tanglin Halt Road #22-89', '142089'),
(8, 'Nalco Group Pte Ltd', '64557823', '206C Compassvale Lane #14-99', '543206'),
(9, 'Mavis Tan', '93378829', '518 Jelapang Road #11-38', '670518'),
(10, 'Fiona Choy', '81045489', '55 Geylang Bahru #12-44', '330055'),
(11, 'Clarice Tan', '99229885', '16 Telok Blangah Crescent #09-74', '90016'),
(12, 'Wendy How', '94553321', '20 Queen\'s Close #12-37', '140020'),
(13, 'Pierce Low', '86675522', '160 Mei Ling Street #09-89', '140160'),
(14, 'Aeddon Tan', '84436578', '415 Canberra Road #10-99', '750415'),
(15, 'Rena Chua', '94459072', '165 Stirling Road #16-67', '140165'),
(16, 'Benjamin Lim', '98712199', '91 Tanglin Halt Road #23-33', '142091'),
(17, 'Aziemah', '90335477', '57 Geylang Bahru #18-76', '330057'),
(18, 'Madelyn Liew', '93380556', '80 Commonwealth Drive #03-43', '140080'),
(19, 'Joanne Kiong', '82447299', '418 Canberra Road #15-67', '750418'),
(20, 'Karen Fook', '94359480', '34 Jalan Bahagia #02-21', '320034'),
(21, 'Jonathan Goh', '92264395', '19 Ghim Moh Road #18-44', '270019'),
(22, 'Seah Jun Ru', '87790926', '350 Woodlands Avenue 3 #13-34', '730350'),
(23, 'Ryan Ng', '92691486', '12 Marsiling Lane #11-22', '730012'),
(24, 'Loh Wei Heng', '95664673', '167 Stirling Road #10-83', '140167'),
(25, 'Alex Huang', '97061065', '90 Commonwealth Drive #12-35', '140090'),
(26, 'Edmund Ang', '85476531', '337 Sembawang Crescent #18-44', '750337'),
(27, 'Shi Min Min', '85876531', '670 Choa Chu Kang Crescent #08-32', '680670'),
(28, 'Png chye hoon', '87386189', '174 Boon Lay Drive #17-73', '640174'),
(29, 'Tan Li Hua', '87776532', '778 Woodlands Drive 60 #03-22', '730778'),
(30, 'Kenny Tan', '89093271', '700B Ang Mo Kio Avenue 6 #14-42', '562700'),
(31, 'Adi Puteri', '89093272', '290 Tampines Street 22 #10-21', '520290'),
(32, 'Alyssia Sim', '91807177', '557 Ang Mo Kio Avenue 10 #13-89', '560557'),
(33, 'Bobby Ong', '93386189', '480 Sembawang Drive #15-30', '750480'),
(34, 'Lydia Lim', '93386198', '804 Woodlands Street 81 #08-26', '730804'),
(35, 'Chen Huifen', '93456189', '388 Bukit Batok West Avenue 5 #22-29', '65038'),
(36, 'Aldric Goh', '97478731', '67 Bedok South Avenue 3 #15-98', '460067'),
(37, 'Lee Ming Xuan', '98706531', '570B Woodlands Avenue 1 #16-37', '732570'),
(38, 'Ng Sau Youk', '98228233', '106B Depot Road #12-20', '102106'),
(39, 'Nadiah See', '91107496', '641 Hougang Avenue 8 #16-67', '530641'),
(40, 'Kaylee Ang', '89573186', '108 Pasir Ris Street 12 #10-39', '510108'),
(41, 'Teo Li Yin', '99689327', '606 Yishun Street 61 #12-88', '760606'),
(42, 'Rahul Kumar', '81653718', '107 Bukit Batok West Avenue 6 #24-37', '650107'),
(43, 'Elynn Toh', '97419315', '692A Choa Chu Kang Crescent #02-22', '681692'),
(44, 'Chen Xiao Tong', '90069669', '35 Mandalay Road \n# 13–37 Mandalay Towers', '308215'),
(45, 'Lim Swee Jin', '82735557', '252 Ang Mo Kio Ave 4 #19-90', '560252'),
(46, 'Andrew Tan', '98522962', '110 Simei Street 1 #02-20', '520110'),
(47, 'Jay Au', '98180106', '110 Tampines Street 11 #02-99', '521110'),
(48, 'Samantha Lee', '82847286', '336 Hougang Avenue 7 #03-35', '530336'),
(49, 'Mohammad Hisham', '94823109', '3 Tanjong Pagar Plaza #03-30', '81003'),
(50, 'Hadi Halim', '87104757', '460 Tampines Street 42 #12-28', '520460'),
(51, 'Charlotte Toh', '86614413', '45 Circuit Road #19-96', '370045'),
(52, 'Marvely Loh', '90368521', '196C Punggol Field 17-22', '823196'),
(53, 'Sae Chew Phinkeaw', '99451069', '509B Wellington Circle #03-23', '752509'),
(54, 'Shirlene Yuen', '80830072', '641 Hougang Avenue 8 #04-55', '530641'),
(55, 'Joan Chia', '97671786', '552 Jurong West Street 42 #04-59', '640552'),
(56, 'Eva Tung', '97880855', '357C Admiralty Drive #03-96', '753357'),
(57, 'Liu Qiuqiang', '88483398', '316 Bukit Batok Street 32 #06-39', '650316'),
(58, 'siti hapsari dyahningrum', '96230473', '202A Compassvale Drive #14-46', '541202'),
(59, 'Ashley Tan', '95583287', '40 Telok Blangah Rise #19-27', '90040'),
(60, 'Shirley Yeo', '85261068', '321A Anchorvale Drive #12-97', '541321'),
(61, 'Jaslin Low', '96934734', '2B Upper Boon Keng Road 04-73', '382002'),
(62, 'Cindy Tian', '95451883', '289D Punggol Place #26-33', '824289'),
(63, 'Julia Wee', '94232681', '501 Bukit Batok Street 52 #03-38', '650501'),
(64, 'SK Ngo', '95965423', '206 Toa Payoh North #07-73', '310206'),
(65, 'Nur Aishah', '99227315', '55 Lorong 5 Toa Payoh #08-33', '310055'),
(66, 'Adeline Jong', '92876501', '167D Punggol East #19-87', '824167'),
(67, 'Jeff Lim', '88850480', '170 Bishan Street 13 #09-23', '570170'),
(68, 'Daniel Santamaria', '96359143', '614A Edgefield Plains #06-66', '821614'),
(69, 'Kingsley Ong', '90974103', '144 Rivervale Drive #08-85', '540144'),
(70, 'Ada Lim', '83824925', '12 Taman Ho Swee #09-73', '162012'),
(71, 'Lee Ngo', '96898211', '239 Compassvale Walk #23-34', '540239'),
(72, 'Amanda Chee', '97188478', '144 Lorong Ah Soo #03-30', '530144'),
(73, 'Jynn Tan', '92953031', '588A Ang Mo Kio Street 52 #11-29', '561588'),
(74, 'Geoffrey Tan', '90757230', '896C Woodlands Drive 50 #09-93', '732896'),
(75, 'Charis Tham', '90407227', '33 Chai Chee Avenue #06-67', '461033'),
(76, 'Victor Goh', '86180966', '35 Bedok South Avenue 2 #16-27', '460035'),
(77, 'Michael Goh', '97805142', '336 Sembawang Crescent #08-87', '750336'),
(78, 'Claire Zhou', '86556329', '483 Admiralty Link #13-76', '750483'),
(79, 'Chua Wei Xiang', '96854150', '507B Wellington Circle #03-26', '752507'),
(80, 'Yvonne Loh', '83643335', '292B Compassvale Street #04-30', '542292'),
(81, 'Chris Lim', '93561255', '87 Telok Blangah Heights #15-32', '100087'),
(82, 'Sujittra Yodthong', '98850262', '437 Jurong West Avenue 1 #03-26', '640437'),
(83, 'Liu Fengyi', '96602836', '609 Jurong West Street 65 #10-11', '640609'),
(84, 'Wang Lifang', '98995665', '258 Serangoon Central Drive #13-23', '550258'),
(85, 'Sharmaine Heng', '94990365', '569 Choa Chu Kang Street 52 #01-10', '680569'),
(86, 'Lynn Lim', '98545321', '435B Fernvale Road 12-28', '792435'),
(87, 'Teo Meow Khim', '80610503', '30 Jalan Bahagia #05-31', '320030'),
(88, 'Jennifer Tan', '91933871', '233 Lorong 8 Toa Payoh #08-32', '310233'),
(89, 'Alyssa Lim', '95657711', '238 Hougang Avenue 1 #05-32', '530238'),
(90, 'Serene Woon', '93482906', '242 Bukit Batok East Avenue 5 #02-55', '650242'),
(91, 'Elicia Fang', '85043593', '143 Jalan Bukit Merah #02-29', '160143'),
(92, 'Zalifa Ithnin', '88425133', '627 Woodlands Avenue 6 #05-78', '730627'),
(93, 'Tan Shan', '87773858', '230 Ang Mo Kio Avenue 3 #04-22', '560230'),
(94, 'Shawn Quek', '86972240', '601C Punggol Central #19-78', '823601'),
(95, 'Lim Peifen', '94464048', '178D Rivervale Crescent #03-12', '544178'),
(96, 'Huber Apigo', '92141269', '12B Marsiling Lane #15-33', '732012'),
(97, 'Dwi Ratwanto Kasman', '98559552', '110 Tampines Street 11 #22-88', '521110'),
(98, 'Wong Wai Ren', '94352709', '21 Jalan Membina #13-34', '163021'),
(99, 'Helen Tham', '82667517', '218 Yishun Street 21 #10-97', '760218'),
(100, 'Goh Jia Yi', '82776598', '545 Choa Chu Kang Street 52 #11-35', '680545'),
(101, 'Janice Oh', '88723464', '360C Admiralty Drive #12-22', '753360'),
(102, 'Mabel Hwa', '91857943', '83 Redhill Lane #12-33', '150083'),
(103, 'Weily Jaya Guruh', '97816512', '17 Telok Blangah Crescent #10-39', '90017'),
(104, 'Janet Ang', '96218817', '55 Havelock Road #04-43', '161055'),
(105, 'Siti bin Saad', '98235817', '313D Anchorvale Road #03-34', '544313'),
(106, 'Esther See', '92723229', '207A Compassvale Lane #06-44', '542207'),
(107, 'Tan Kai Yong', '80105555', '285A Toh Guan Road #02-22', '601285'),
(108, 'Tan Zhen Yang', '92395636', '61C Strathmore Avenue #19-99', '144061'),
(109, 'Sandy Ng', '81113284', '534 Jurong West Street 52 #06-33', '640534'),
(110, 'Janice Ng', '91519467', '511B Yishun Street 51 #07-77', '762511'),
(111, 'Tan Qing Hui', '89086834', '12A Marsiling Lane #08-88', '731012'),
(112, 'Chen Ke Lin', '86264347', '410C Fernvale Road #12-32', '793410'),
(113, 'Nah Jingyi', '96371301', '31 Rosewood Drive #10-98', '737922'),
(114, 'Low Han Quan', '94884082', 'Proximo, 27 Robin Road #15-66', '258204'),
(115, 'Danny Han', '94898938', '201 Clementi Avenue 6 #12-11', '120201'),
(116, 'Clarice Ng', '94775174', '107C Edgefield Plains #12-45', '823107'),
(117, 'Tina Ong', '91166828', '303 Clementi Avenue 4 #10-99', '120303'),
(118, 'Seetoh Wai Kit', '98645086', '307 Jurong East Street 32 #15-33', '600307'),
(119, 'Daryl Liew', '97547347', '879B Tampines Avenue 8 #02-33', '522879'),
(120, 'Huang Zhiyi', '94572783', '74 Telok Blangah Heights #21-44', '100074'),
(121, 'Lydia Ho', '93248652', '135 Bishan Street 12 #18-33', '570135'),
(122, 'Ho Ye Yun', '98545961', '34 Telok Blangah Way #09-88', '90034'),
(123, 'Eric Tan', '97116795', '228A Compassvale Walk #14-328', '541228'),
(124, 'Marissa Soriano', '95103871', '13 Teck Whye Lane #08-77', '680013'),
(125, 'Leo Chia Min Evelyn', '92337391', 'Blk 969 Hougang St 91 #11-172', '530969'),
(126, 'Adreinne Goo', '99150695', '291C Compassvale Street #19-49', '543291'),
(127, 'Joey Lie', '85005221', '12C Marsiling Lane #22-77', '733012'),
(128, 'Liau ee Yen', '85259861', '452 Yishun Ring Road #14-50', '760452'),
(129, 'Henny Chendawan', '87573228', '623 Senja Road #13-20', '670623'),
(130, 'Angela Siswantoro', '97495704', '310 Serangoon Avenue 2 #12-33', '550310'),
(131, 'Vince Wee', '96208565', '775 Yishun Ring Road #09-55', '760775'),
(132, 'Vincent Phua', '91355440', '318B Anchorvale Link #12-09', '542318'),
(133, 'Wong Siew Li', '92451009', '214 Marsiling Lane #22-76', '730214'),
(134, 'Nadia Lam', '83445419', '309 Clementi Avenue 4 #02-22', '120309'),
(135, 'Janice Ong', '82103210', '119C Kim Tian Road #03-12', '163119'),
(136, 'Celine Siow', '87109077', '452 Ang Mo Kio Avenue 10 #03-15', '560452'),
(137, 'Rena Chong', '90106560', '51 Circuit Road #23-11', '370051'),
(138, 'Siti Liana', '91071955', '350 Clementi Avenue 2 #15-44', '120350'),
(139, 'Melody Low', '82226796', '171 Ang Mo Kio Ave 4 4 #04-505', '560171'),
(140, 'Clarence Wong', '98776740', '480 Sembawang Drive #20-44', '750480'),
(141, 'Christina Tseng', '80123096', '526 Bedok North Street 3 #20-24', '460526'),
(142, 'Chen Yuan Meng', '87669021', '368 Corporation Drive #19-77', '610368'),
(143, 'Regina Quay', '94426890', '334 Tampines Street 32 #15-22', '520334'),
(144, 'Carolyn Foo', '91804668', '152 Yung Ho Road #04-25', '610152'),
(145, 'Wong Ping See', '98775450', '980C Buangkok Crescent #09-88', '533980'),
(146, 'Azlinda Lee', '84327790', '441B Clementi Avenue 3 #07-65', '122441'),
(147, 'siti Mariam', '80198557', '706 Yishun Avenue 5 #05-23', '760706'),
(148, 'Jessyln Ng', '98887012', '44 Marine Crescent #13-02', '440044'),
(149, 'Au Yong Ke Wei', '81684916', '64 Kew Heights', '466089'),
(150, 'Andrea Chan', '83396147', '91 Tanglin Halt Road #31-306', '142091'),
(151, 'Jesslyne Soh', '91124555', '684A Choa Chu Kang Crescent #05-34', '681684'),
(152, 'Lim Jingwen', '86673366', '467A Admiralty Drive #04-62', '751467'),
(153, 'Rachelle ann Magpantay', '82667890', '246 Bishan Street 22 #13-44', '570246'),
(154, 'Elin Yew', '81115843', '55 Chai Chee Drive #11-23', '460055'),
(155, 'Nelson Toh', '85148904', '58 Lengkok Bahru #02-537', '150058'),
(156, 'Ang Hui Min', '84319055', '725 Woodlands Avenue 6 #06-31', '730725'),
(157, 'Wang Nan Bin', '96608055', '607 Senja Road #08-11', '670607'),
(158, 'Chua Cai Ling', '91205578', '121D Sengkang East Way #16-64', '544121'),
(159, 'Doris Wong', '82334890', '559 Pasir Ris Street 51 #21-54', '510559'),
(160, 'Tew Huey Cha', '81068991', '34 Jalan Bahagia #09-84', '320034'),
(161, 'Thong Fui Yee', '97670944', '274C Punggol Place #10-82', '823274'),
(162, 'Zann Jong', '98990922', '272B Punggol Walk #04-55', '822272'),
(163, 'Elfie Goh', '98755540', '588C Montreal Drive #09-55', '753588'),
(164, 'Angie Lim', '87886551', '588C Ang Mo Kio Street 52 #19-94', '563588'),
(165, 'Tan Wan Sun', '81806112', '13B Zehnder Road', '117698'),
(166, 'Jasmine Lu', '90155580', '233 Pending Road #02-43', '670233'),
(167, 'Dina Fang', '82336670', '174A Edgedale Plains #05-99', '821174'),
(168, 'Mohd Sari', '87909288', '601 Bedok Reservoir Road #11-55', '470601'),
(169, 'Mohd Fazli', '80924311', '760 Yishun Street 72 #03-46', '760760'),
(170, 'Kelvin Leong', '93853017', '663A Punggol Drive #10-266', '821663'),
(171, 'Tan AiLing', '90114589', '713 Bedok Reservoir Road #04-54', '470713'),
(172, 'Khek Ren Ying', '98280837', 'Blk 455A Ang Mo Kio Street 44 #27-05', '561455'),
(173, 'Benny Chia', '87900144', '168 Stirling Road #11-48', '141168'),
(174, 'Tan Xin Sheng', '94573055', '909 Tampines Avenue 4 #09-252', '520909'),
(175, 'Phyllis Mok', '98783235', 'The Tampines Trilliant 29 Tampines Centeal 7 #03-38', '528612'),
(176, 'Sherlyn Goh', '93366854', '150 Bedok Reservoir Road #08-1733', '470150'),
(177, 'Rachel Ang', '90033778', '528 Jelapang Road #07-91', '670528'),
(178, 'Corin Goh', '96342213', 'Blk 428B Yishun Ave 11 #10-154', '762428'),
(179, 'Lee Jia Yee', '90905889', '241 Kim Keat Link #17-44', '310241'),
(180, 'Ethan Ng', '98001344', '3 Tampines Grande AIA Tampines #08-01', '528799'),
(181, 'Mohd Fizz', '90156688', '275 Toh Guan Road #18-55', '600275'),
(182, 'Penny Lim', '96202831', '21A Goodman Road', '439059'),
(183, 'Liu Yufei', '97996805', 'Great World City 1 Kim Seng Promenade West Tower #11-07/12', '237994'),
(184, 'Ong Li Da', '90771244', '148 Tampines Avenue 5 #14-76', '521148'),
(185, 'Poon How Ee', '86559009', '668 Woodlands Ring Road #23-63', '730668'),
(186, 'Alvina Lee', '92475649', '475A Upper Serangoon Crescent #11-509', '531475'),
(187, 'Sherlene Foo', '92315590', '317 Woodlands Street 31 #09-76', '730317'),
(188, 'Yan Lim', '90018636', '48 Lengkok Bahru #02-185', '151048'),
(189, 'Wong Yan Ling', '87665890', '115 Potong Pasir Avenue 1 #02-33', '350115'),
(190, 'Wang Shi Zhen', '81892171', '435A Fernvale Road #16-208', '791435'),
(191, 'Wee Boo Kiat', '91000456', '80A Telok Blangah Street 31 #34-107', '101080'),
(192, 'Yeo Jun Guang', '81013379', '649 Jalan Tenaga #25-62', '410649'),
(193, 'Yeong Chee Soon', '80992499', '238 Hougang Avenue 1 #04-28', '530238'),
(194, 'Kenneth Ma', '92335888', '460 Tampines Street 42 #14-51', '520460'),
(195, 'Leanne Au', '95667090', '202 Toa Payoh North #13-35', '310202'),
(196, 'Roy Liam', '93876299', '128 Bukit Merah View #02-24', '150128'),
(197, 'Alisha Low', '92115880', '139A Lorong 1A Toa Payoh #20-03', '311139'),
(198, 'Wendy Tan', '96174465', '104 Woodlands Street 13 #06-206', '730104'),
(199, 'Debbie Seet', '90998755', '16 Joo Seng Road #16-83', '360016'),
(200, 'Wu Shenhao', '81889553', '56 Cassia Crescent #07-03', '391056'),
(201, 'Teow Wan Wah', '91223788', 'Sunrise Gardens 53 Sunrise Ave #04-21', '806746'),
(202, 'Siti Jamilah', '89901033', '274B Punggol Place #07-818', '822274'),
(203, 'Lui Fu Yu', '90513274', '545 Bukit Panjang Ring Road #18-881', '670545'),
(204, 'Hayati bin Aishah', '82446099', '17 Lorong 7 Toa Payoh #12-38', '310017'),
(205, 'Elaina Yuen', '93883791', 'Singapore Land Tower 50 Rafflees Place #36-01 Century Link', '48623'),
(206, 'Lily Lim', '87661233', '139 Potong Pasir Avenue 3 #14-50', '350139'),
(207, 'Terence Tan', '92226788', '54 Chai Chee Street #20-49', '460054'),
(208, 'Germaine Soh', '96395290', '267 Tampines Street 21 #06-63', '520267'),
(209, 'Glynis Anne', '97891322', 'Block 320 Hougang Avenue 5 #05-06', '530320'),
(210, 'Jerlynn Ng', '90933342', '782C Woodlands Crescent #05-325', '733782'),
(211, 'Liana Horioka', '90125589', '28D Dover Crescent#24-33', '134028'),
(212, 'Dein Teo', '98900133', '61 New Upper Changi Road #06-22', '461061'),
(213, 'Shirlena Ho', '97847789', 'Blk 296C Compassvale Crescent #14-263', '543296'),
(214, 'Jocelyn Lam', '6.59E+09', '33 Hume Avenue #10-13', '598734'),
(215, 'Irene Tan', '90992833', 'Blk 531 Hougang Ave 6 #10-275', '530531'),
(216, 'Raymond Chua', '96794477', '238 Bukit Batok East Ave 5 05-193', '650238'),
(217, 'Azeana Toh', '90012465', '316A Anchorvale Link #05-175', '541316'),
(218, 'Ong Wei Sheng', '97438275', '126 Lorong 1 Toa Payoh #07-553', '310126'),
(219, 'Michelle Lee', '84998137', '175B Punggol Field #07-563', '822175'),
(220, 'Ellie Liow', '85226964', 'Blk 30 Bendemeer Rd #04-877', '330030'),
(221, 'Karen Poh', '94239104', 'Austville Residences 19 Sengkang East Avenue #16-18', '544808'),
(222, 'Amanda Tan', '85335250', 'The Rivervale 3 Rivervale Link #02-29', '545119'),
(223, 'Ng Rei Mee', '96637773', '341 Bukit Batok Street 34 #06-68', '650341'),
(224, 'Aqilah Toh', '81027781', 'Blk 305 Choa Chu Kang Ave 4 #13-667', '680305'),
(225, 'Alex Fang', '91096838', '393 Jalan Besar Shophouse', '209005'),
(226, 'Shannon Tan', '87664399', 'Eight Courtyards 10A Canberra Drive #01-19', '768143'),
(227, 'Jermaine Wang', '96903370', '412 Commonwealth Avenue West #12-3035', '120412'),
(228, 'Ng Kiat Loo', '91776046', '282C SengKang East Avenue #10-561', '543282'),
(229, 'Halimah BInte Abdul Karim', '94318995', '513 Bukit Batok Street 52 #03-562', '650513'),
(230, 'Amy Fong', '97482660', 'Blk 430 Choa Chu Kang Ave 4 #07-599', '680430'),
(231, 'Jasmine Wong', '91712218', '821 Yishun Street 81 #11-626', '760821'),
(232, 'Solomon Chua', '91990046', '175 Yishun Avenue 7 #04-853', '760175'),
(233, 'Marcus Chan', '91469701', '103A Edgefield Plains #04-97', '821103'),
(234, 'Catherine Chan', '97366706', '108 Aljunied Cresent #10-28', '380108'),
(235, 'Kellen Soh', '96728375', '165 Simer Road #06-376', '520165'),
(236, 'Jean Teo', '96310336', 'Changi Court 708 Upper Changi Road East #02-11', '486838'),
(237, 'Toh Pei Shan', '96530239', '773 Bedok Reservoir View #18-60', '470773'),
(238, 'Bill Soo', '85337735', 'One Cleantech Loop #06-08', '637141'),
(239, 'Peter Wong', '98429228', '101 Prince Charles Cresent The Crest #07-02', '159017'),
(240, 'Koh Shen Yi', '90222865', '490B Choa Chu Kang Avenue 5 #08-277', '682490'),
(241, 'Hsu Myat Noe', '92260706', '673B Jurong West Street 65 #12-02', '642673'),
(242, 'Tamm Chua', '97599650', '44R Hillside Drive', '549034'),
(243, 'Zaw In Jin', '91263443', '685C Jurong West Central 1 #07-168', '643685'),
(244, 'Nurush Shifa', '96434826', '357 Tampines Street 33 #09-602', '520357'),
(245, 'Celine Wong', '98559483', '51 Commonwealth Drive #14-526', '141051'),
(246, 'Jasmine Koh', '90301680', '329 Ubi Avenue 1 #04-619', '400329'),
(247, 'Ednaldo Ong', '98233690', 'Tampines Plaza 5 Tampines Central 1 #04-04', '529541'),
(248, 'Jeffrey Lim', '96602267', '238 Woodlands Industrial Park #05-99', '757301'),
(249, 'Eric Woo', '94552982', '129 Pending Road #10-336', '670129'),
(250, 'Alvin Tham', '90481470', '91 Dawson Road #31-24 Singapore 144091', '144091'),
(251, 'Hweeling Lee', '82459821', '632 Jurong West Street 65 #17-10', '640632'),
(252, 'Shanai Chia', '97208755', '211 Bishan Street 23 #12-337', '570211'),
(253, 'Kyra Koh', '90235605', '24 Woodlands Drive 16 #02-13', '737881'),
(254, 'Kovin Yoong', '91076985', '133 Bukit Batok Avenue 6 #03-471', '650133'),
(255, 'Phoeona Chua', '97329913', '278 Yishun Street 22 #10-278', '760278'),
(256, 'Chee Tingting', '91504754', '264E Compassvale Bow #11-80', '548264'),
(257, 'Aria Wanari', '87203783', '431A Yishun Avenue 1 #03-505', '761431'),
(258, 'Ellen Chan', '98488116', '587 Woodlands Drive 16 #09-48', '730587'),
(259, 'Nora Lim', '91181465', '182 Yung Seng Road #05-51', '610182'),
(260, 'Amilia Soh', '92711324', '274 Bangkit Road #11-66', '670274'),
(261, 'Devin Tan', '96468306', '160 Jalan Teck Whye #18-258', '680160'),
(262, 'Evelyn Chan', '94763260', '656 Jalan Tenaga #06-108', '410656'),
(263, 'Joyce Lim', '82189604', '970 Toa Payoh North #01-01', '318992'),
(264, 'Mok Kam', '93388470', 'Blk 648 Hougang Ave 8 #07-221', '530648'),
(265, 'Teng Bo Wen', '91014380', '541 Hougang Avenue 8 #09-1207', '530541'),
(266, 'Camilla Wong', '90223993', '354 Ang Mo Kio Street 32 #18-145', '560354'),
(267, 'Dion Ang', '87480876', '620 Bukit Panjang Ring Road #19-822', '670620'),
(268, 'Carrie Wong', '85187584', '152 Lorong 2 Toa Payoh #32-326', '310152'),
(269, 'Khoo Foong Yin', '81838418', '8 Bedok South Avenue 2 #13-304', '460008'),
(270, 'Pauline Goh', '84220676', '670A Edgefield Plains #07-606', '821670'),
(271, 'Grace Ho', '96540130', '518C Tampines Central 7 #07-54', '523518'),
(272, 'Andrea Chng Cheng Yi', '81012826', '51 Telok Blangah Drive #06-120', '100051'),
(273, 'Jaime Koo', '90223029', '542 Choa Chu Kang Street 52 #07-62', '680542'),
(274, 'Jane Tan', '91788931', '433A Sengkang West Way #15-515', '791433'),
(275, 'Raudhah Kumar', '84814691', '932B Hougang Avenue 9 #03-106', '532932'),
(276, 'Tay Jing Dan', '81639623', '323 Bukit Batok Street 33 #02-90', '650323'),
(277, 'Adrian Kong', '96206870', '4C West Coast Walk', '127144'),
(278, 'Mohd Pooja', '81894140', 'Dahlia Park Condominium 1 Flora Drive #03-01, Block 1', '507009'),
(279, 'Tan Si Jia', '93837177', '69 Redhill Close #06-84', '150069'),
(280, 'Tan Kah Hoong', '97770343', '891 Tampines Ave 8 #12-80', '520891'),
(281, 'Lee Sze Min', '90108024', '161 Woodlands Street 13 #09-627', '730161'),
(282, 'Clarke See', '96227150', '301 Clementi Avenue 4 #04-555', '120301'),
(283, 'Tan Weili', '98709049', '357 Yung An Road #14-55', '610357'),
(284, 'Lianne Ong', '90010082', 'Fulton Hill Fulton Road 7', '578891'),
(285, 'Buan Pong Chua', '96190661', '20 Namly Drive', '267434'),
(286, 'Noor Hafizah', '90617694', 'Yishun Street 22 #05-61', '760279'),
(287, 'Jenny O\'Connor', '90013894', 'Trevose 12 19B Trevose Crescent', '298098'),
(288, 'Nabilah Khan Badin', '81852443', '182 Jelebu Road #24-54', '670182'),
(289, 'Sherylyn Chong', '90071807', '296 Choa Chu Kang Avenue 2 #13-04', '680296'),
(290, 'Wong Yet Hwa', '85519576', '171 Woodlands Street 11 #04-47', '730171'),
(291, 'Ng Jun Hao', '85331858', '833 Hougang Central #06-11', '530833'),
(292, 'Lee Yilian', '98274125', '895 Tampines Street 81 #10-932', '520895'),
(293, 'Sherill Khoo', '97356496', '20 Heng Mui Keng Terrace D515', '119618'),
(294, 'Cecile Yeo', '91544268', '305 Serangoon Avenue 2 #05-92', '550305'),
(295, 'Vonny Ivon Leo', '86563142', 'Immunos 8A Biomedical Grove #06-06', '138648'),
(296, 'Nicole Goh', '97342648', 'Blk 128 Simei Street 1 #03-258', '520128'),
(297, 'Thecla Chia', '83887235', 'Blk 434 Choa Chu Kang Avenue 4 #08-555', '680434'),
(298, 'Jaime Lim', '96968098', 'Blk 352 Jurong East Street 31 #01-139', '600352'),
(299, 'Farah bin Asyrith', '94894659', 'Blk 217 Tampines Street 23 #07-01', '520217'),
(300, 'Lim Pei Yi', '97611310', 'Blk 677B Jurong West St 64 #03-297', '642677'),
(301, 'May Ong', '96610501', 'Blk 895C Woodlands Dr 50 #09-40', '732895'),
(302, 'Tan Hui Chin', '94318493', 'Blk 404 Yishun Avenue 6 #04-1242', '760404'),
(303, 'Lim Bai Hui', '97826020', '336B Yishun Street 31 #08-23', '762336'),
(304, 'Joyce Tan', '97593438', 'Blk 211 Boon Lay Place #12-123', '640211'),
(305, 'Emily Quek', '96178395', '509 Jelapang Road #10-82', '670509'),
(306, 'Tan Wan Ni', '90199760', '712 Bedok Reservoir Road #09-3914', '470712'),
(307, 'Colin Toh', '94564315', '335B Anchorvale Crescent #16-82', '542335'),
(308, 'Alicia Lam', '90616355', '290G Bukit Batok Street 24 #09-97', '656290'),
(309, 'Tris Ang', '96529585', 'Blk 612 Woodlands Avenue 4 #10-25', '730612'),
(310, 'Ameerah Sarpari', '97700657', 'Blk 418 Jurong West Street 42 #01-951', '640418'),
(311, 'Tan Shuxian', '81773223', '54 Telok Blangah Drive #11-42', '100054'),
(312, 'Wendy Goh', '93624886', 'Blk 23 Ghim Moh Link #14-220', '271023'),
(313, 'Connie Soo', '96250883', '25 Balmoral Park Pinewood Gardens #06-03,', '259854'),
(314, 'Cherie Au', '90273371', '520C Tampines Central 8 #13-59', '523520'),
(315, 'Nash Woo', '97499718', '309 Jurong East Street 32 #10-284', '600309'),
(316, 'Zane Lim', '90308276', '542 Choa Chu Kang Street 52 #05-54', '680542'),
(317, 'Adrian Tan', '98239659', '520C Tampines Central 8 #13-59', '523520'),
(318, 'Adibah Izwan', '83418472', '384 Tampines Street 32 #09-31', '520384'),
(319, 'Liyana Khoo', '93219156', '444 Choa Chu Kang Avenue 4 #05-323', '680444'),
(320, 'Caroline Teo', '92287646', '13 Merpati Road #09-103', '370013'),
(321, 'Juzailah bin Rahal', '91506711', '50 Tampines North Drive 2, Level 4', '528766'),
(322, 'Olga Roslan', '91525100', '831 Jurong West Street 81 #09-254', '640831'),
(323, 'Shynna Lee', '82611330', '214 Bedok North Street 1 #10-155', '460214'),
(324, 'Cheng Chye Sheng', '84843909', '111 Serangoon North Avenue 1 #05-607', '550111'),
(325, 'Brandon Wong', '90102744', '212 Serangoon Avenue 4 #07-50', '550212'),
(326, 'Fan Long Xin', '81886025', '155 Simei Road #08-208', '520155'),
(327, 'Vince Xie', '96728476', '471B Upper Serangoon Crescent #10-366', '532471'),
(328, 'Hidayat bin Atuh', '94366482', '6 Wiltshire Road', '466382'),
(329, 'Mohd Amirjannah', '91782643', '326 Woodland Sreet 23 #05-101', '730326'),
(330, 'Fu Jia Le', '81235757', 'Dover Ville 18 Dover Crescent #28-36', '130018'),
(331, 'Siti Nuriana', '97963522', '693C Woodlands Avenue 6 #09-757', '733693'),
(332, 'Ariana Sum', '83230806', '492 Jurong West Street 41 #03-26', '640492'),
(333, 'Anita Ratnayanti', '91726358', '306C Anchorvale Link #11-79', '543306'),
(334, 'Eleanor Wong', '98253257', '310B Punggol Walk #16-568', '822310'),
(335, 'Tan Siok Koon', '90046869', '15 Upper Boon Keng Road #05-1053', '380015'),
(336, 'Eileen Ting', '97612442', 'WOODSVALE 9 Woodlands Drive 72 #07-18', '738093'),
(337, 'Stephen Leong', '97541761', '235 Bishan Street 22 #08-138', '570235'),
(338, 'Fan Yu Ting', '84188169', 'Chiltern Park Condominium 131 Serangoon Avenue 3 #07-14', '556112'),
(339, 'Jacqueline Ang', '95676659', '676C Punggol Drive #09-730', '823676'),
(340, 'Yan Fan Fan', '98640040', 'Regency Suites 36 Kim Tian Road #19-03', '169279'),
(341, 'Sean Ho', '85025429', '584 Ang Mo Kio Avenue 3 #04-3091', '560584'),
(342, 'Hanny Ong', '86168389', '25 Lower Kent Ridge Road F04-412', '119081'),
(343, '???', '86994421', '26 College Avenue East Tembusu Residential College, #05-163A', '138597'),
(344, 'Nicolette Ng', '97921527', '163A Upper East Coast Road', '455261'),
(345, 'Ericia Seet', '87207040', '178 Lompang Road #23-28', '670178'),
(346, 'Rainn Cheong', '98442248', '748A Bedok Reservoir Crescent #13-61', '471748'),
(347, 'Loleen Phua', '97346394', 'Gale, The 70 Flora Road #01-21', '506914'),
(348, 'Joyce Tan', '83997261', '275A Bishan Street 24 #11-122', '571275'),
(349, 'Elaine Lum', '93294668', '634A Senja Road #14-215', '671634'),
(350, 'Chen Ting Le', '86995442', '120B Edgedale Plains #17-293', '822120'),
(351, 'Chua Si Min', '93289321', '161 Tampines Street 12 #10-203', '521161'),
(352, 'Manami Hexbolt', '96717039', '20 Teban Gardens Road #28-97', '600020'),
(353, 'Sharon Lim', '97328904', '513 Woodlands Drive 14 #06-203', '730513'),
(354, 'Sylvia Sia', '97979042', '121D Canberra Street #10-751', '754121'),
(355, 'Yong Lee Peng', '96885198', '450F Tampines Street 42 #06-394', '526450'),
(356, 'Karen Tan', '9.83E+07', '7 Everton Park #09-09', '80007'),
(357, 'Lee Wan Zhen', '93364434', '518B Tampines Central 7 #12-66', '522518'),
(358, 'Fiona Foo', '93833646', '408B Fernvale Road #16-18', '792408'),
(359, 'Ben Wong', '94500995', '225 Lorong 8 Toa Payoh #06-64', '310225'),
(360, 'Carolyn Sing', '92986641', '556 Ang Mo Kio Avenue 10 #03-1906', '560556'),
(361, 'Isabel Foo', '97859524', 'Windermere 26 Choa Chu Kang Street 64 #08-04', '689096'),
(362, 'Tan Peili', '98510165', '205 Serangoon Central #07-132', '550205'),
(363, 'Sabrina Chua', '97105757', '335A Anchorvale Crescent #08-96', '541335'),
(364, 'Cynthia Lim', '84033261', '523B Tampines Central 7 #11-89', '522523'),
(365, 'Paula Ho', '93364386', 'Far Eastern Bank Building 156 Cecil Street #05-00', '69544'),
(366, 'Mohd Farhan', '97807914', '316 Bukit Batok Street 32 #02-137', '650316'),
(367, 'Ivan Yau', '94231270', '395 Yishun Ring Road #07-1693', '760395'),
(368, 'Jonathan Lewis', '93804963', '270B Punggol Field #03-233', '822270'),
(369, 'Sandra Ee', '98413146', '203 Yishun Street 21 #05-235', '760203'),
(370, 'Felicia Fong Chor Wan', '91506595', '145 Tampines Street 12 #02-334', '521145'),
(371, 'Lim Xin Yi', '97976401', '124 Ang Mo Kio Avenue 6 #11-4075', '560124'),
(372, 'Chua Jie Xuan', '83885710', 'Kovan Regency 38 Kovan Rise #14-17', '544727'),
(373, 'Priscilla Yeo', '96585979', '386 Tampines Street 32 #05-97', '520386'),
(374, 'Low Chee Siong', '96838951', '476C Upper Serangoon View #14-544', '533476'),
(375, 'Vivien Lee', '96787050', '356 Clementi Avenue 2 #09-283', '120356'),
(376, 'Irene Chen', '84980087', '95 Aljunied Crescent #07-517', '380095'),
(377, 'Sylvia Yee', '97698585', '258B Compassvale Road #11-561', '542258'),
(378, 'Mohd Satish', '91833180', 'Sembawang Springs Estate 78 Jalan Kemuning 78', '769800'),
(379, 'Catherine Lim', '90938935', '175A Punggol Field #05-569', '821175'),
(380, 'Sherrill Fang', '97775092', '671B Jurong West Street 65 #10-110', '642671'),
(381, 'Jacqueline Chang', '98157341', '602B Punggol Central #09-664', '822602'),
(382, 'Vivian Ang', '94560615', '113D Mcnair Road #13-240', '325113'),
(383, 'Caden Ong', '96418778', '113C Mcnair Road #22-250', '324113'),
(384, 'Felix Wong', '97558415', '663C Jurong West Street 65 #08-253', '643663'),
(385, 'Lara Yeo', '96407710', '175 Ang Mo Kio Avenue 4 #04-767', '560175'),
(386, 'Liu Yinyuan', '91265291', '635B Senja Road #11-257', '672635'),
(387, 'Fatin Farzana Binte Miswan', '98362744', '421 Hougang Avenue 10 #12-301', '530421'),
(388, 'Lau Pei Ying', '97894970', '686C Jurong West Central 1 #13-152', '643686'),
(389, 'Irene Soh', '93392340', 'Atrina 273C Compassvale Link #07-162', '543273'),
(390, 'Justina Leong Jing Wen', '81806035', '426 Woodlands Street 41 #04-210', '730426'),
(391, 'Gwen Yee', '96519665', '275D Compassvale Link #07-238', '544275'),
(392, 'Jonathan Ng', '96423805', '425 Tampines Street 41 #05-407', '520425'),
(393, 'Nicole Phua', '96445232', 'Blossom Residences 34 Segar Road #14-35', '677723'),
(394, 'Jesslyn Ng', '97823963', '157 Hougang Street 11 #01-230', '530157'),
(395, 'Noah Foo', '85186402', 'Twin Fountains 11 Woodlands Avenue 6 #13-04', '738992'),
(396, 'Pamela koh', '86114033', '11 Eunos Crescent #02-2757', '400011'),
(397, 'Tan Shu Xian', '91012373', '542 Jelapang Road #18-48', '670542'),
(398, 'Fanny Chua', '98294827', 'Kian Teck Dormitory 26 Kian Teck Avenue #01-01', '628920'),
(399, 'Chye Li Kuan', '91878140', '683B Choa Chu Kang Crescent #01-394', '682683'),
(400, 'Tan Cheng Chai', '98418947', '22 Hougang Ave 3 #06-275', '530022'),
(401, 'Eric Lum', '93345678', '124 Ang Mo Kio Avenue 6 #11-4075', '560124'),
(402, 'Tan Shi Hui', '90600168', '4B Elliot Road', '458691'),
(403, 'Anna Hamonangan', '92739216', '22 Bukit Batok Street 52 #28-02 Guilin View', '659245'),
(404, 'Hazel Law', '90996904', '736 Jurong West Street 75 #03-01', '640736'),
(405, 'Tan Xuanya', '91050325', 'Monterey Park Condominum 25 West Coast Rise #06-06', '127468'),
(406, 'Winnie Ong', '65410846', '252 Bangkit Road #02-390', '670252'),
(407, 'Tracie Ang', '86110654', '165 Hougang Avenue 1 #07-1600', '530165'),
(408, 'Lee Lay Peng', '98379185', '655A Jurong West Street 61 #16-528', '641655'),
(409, 'Catailyn Fong', '92371492', '417 Tampines Street 41 #09-369', '520417'),
(410, 'Emily Choo Qianyi', '96898833', '747 Pasir Ris Street 71 #16-55', '510747'),
(411, 'Chen Meiyu', '96795481', '223D Compassvale Walk #11-675', '544223'),
(412, 'Mariani Lim', '97561820', '119 Lorong Toa Payph #09-457', '310119'),
(413, 'Sharon Kwok', '96750402', '25 Kasai Road Seletar Hills Estate', '808272'),
(414, 'Quek Si Man', '96224730', 'BLK 649B Jurong West St 61 #08-296', '642649'),
(415, 'Neuleila Lee', '82278227', '390 Yishun Avenue 6 #10-1056', '760390'),
(416, 'Tan QuanTong', '96823435', '325 Jurong East Street 31 #06-184', '600325'),
(417, 'Rebecca Soo', '96750873', '316 Woodlands Street 31 #03-128', '730316'),
(418, 'Agnes Lim', '84999644', '330 Sembawang Close #04-383', '750330'),
(419, 'Lilian Teoh', '94491582', '29 Ghim Moh Link #26-320', '270029'),
(420, 'Toh Kah Yee', '97422668', '147 Bishan Street 11 #07-27', '570147'),
(421, 'Oon Chooi shy', '96217634', '805 Yishun Ring Road #07-4287', '760805'),
(422, 'Shu Yen May', '97414921', 'Alexcier, The 237 Alexandra Road #06-16', '159929'),
(423, 'Kee Cheong Weng', '97910024', 'Chiltern Park Condominium 131 Serangoon Avenue 3 #02-15', '556112'),
(424, 'Sheryl Ho', '98485622', '557 CHoa Chu Kang North 6 #05-48', '680557'),
(425, 'Lynn Gui', '94792093', '85A Lorong 4 Toa Payoh #04-314', '311085'),
(426, 'Chai Wan Xin', '91691810', '162 Jalan Teck Whye #08-200', '680162'),
(427, 'Cheryl Teh', '81236629', '207D Compassvale Lane #16-54', '547207'),
(428, 'Chen De', '97673698', '704 Tampines Street 71 #14-42', '520704'),
(429, 'Karen Chan', '91151267', '111B Depot Road, #17-107', '102111'),
(430, 'Florence Lim', '96508409', '796 Woodlands Drive 72 #09-33', '730796'),
(431, 'Ng Hui Ying', '96710523', 'River Isles 64 Edgedale Plains #12-26', '828731'),
(432, 'Yvonne Wong', '94508755', '626 Senja Road #13-156', '670626'),
(433, 'Tan Siew Pei', '93577570', '26 Teng Tong Road', '423517'),
(434, 'Mas Ayu', '90231392', '2024 Bukit Batok Street 23 #04-64', '659529'),
(435, 'Shawn Goh', '81184889', '220 Lorong 8 Toa Payoh #14-667', '310220'),
(436, 'Chrislyn Lee', '87277089', '649 Jalan Tenaga #10-153', '410649'),
(437, 'Julien Tan', '96261210', '670A Edgefield Plains #17-614', '821670'),
(438, 'Sim Pei Ying', '83386176', '820 Woodlands Street 82 #08-385', '730820'),
(439, 'Jay Choo', '81136645', '904 Jurong West Street 91 #11-131', '640904'),
(440, 'Felicia Foo', '97438834', '535 Pasir Ris Drive 1 #02-282', '510535'),
(441, 'Valerie Ng', '91773138', '625 Senja Road #14-148', '670625'),
(442, 'Mohd Amirkhan', '93277276', '417A Fernvale Link #04-188', '791417'),
(443, 'Soo Seeyi', '96404155', '520 West Coast Road #10-665', '120520'),
(444, 'Jasmine Ng', '97113171', '75A Redhill Road #14-54', '151075'),
(445, 'Robin Cheong', '81989236', '498A Tampines Street 45 #06-352', '520498'),
(446, 'Mary Tan', '98204011', '151 Simei Street 1 #11-27', '520151'),
(447, 'Alvin Quek', '87669490', 'Hillview Green 61 Hume Avenue #06-06', '598741'),
(448, 'Darren Low', '82992439', '617 Ang Mo Kio Avenue 4 #05-1041', '560617'),
(449, 'Felicia Kwan', '81884758', '115 Lorong 1 Toa Payoh #01-396', '310115'),
(450, 'Faith Yeo', '92351672', 'The Parc Condominium 7 West Coast Walk #12-16', '127159'),
(451, 'Samantha Chua', '92954484', '104 Pasir Ris Street 12 #07-161', '510104'),
(452, 'Renee Ong', '98371437', 'Windermere 30 Choa Chu Kang Street 64 #08-01', '689098'),
(453, 'Derrick Yong', '85330536', 'Parryville 43 Poh Huat Drive', '546828'),
(454, 'Linda Lam', '90285237', '245 Hougsng Street 22 #12-145', '530245'),
(455, 'Ivan Chia', '92959612', '56 Miltonia Close The Shaugnessy', '768214'),
(456, 'Serene Ng', '96222142', '332 Sembawang Close #11-407', '750332'),
(457, 'Insyirah bin Halidi', '93682420', '28 Pasir Ris Link Sea esta #01-23', '518146'),
(458, 'Tan You Yuan', '96787736', '807 King Gerorge Avenue #11-254', '200807'),
(459, 'Ivy Cheah', '87664282', '680B Jurong West Central 1 #02-66', '642680'),
(460, 'Jobina Ang', '90272134', '633 Hougang Avenue 8 #05-13', '530633'),
(461, 'Hannah Lim', '87106418', '230 Jurong East Street 21 #15-685', '600230'),
(462, 'Charlene Foo', '92775441', '678A Jurong West Street 64 #12-315', '641678'),
(463, 'Andrew Choi', '96825340', '945 Hougang Street 92 #10-153', '530945'),
(464, 'Won Shu Wen', '91519686', '322A Jurong East Street 31 #08-258', '601322'),
(465, 'Miriam Fong', '91683815', '152 Yung Ho Road #04-23', '610152'),
(466, 'Clara Lim', '90303987', '37 Marsiling Drive #11-415', '730037'),
(467, 'Fong Siao Wan', '98251122', '38 Goodluck Garden 38 Toh Tuck Road #09-01', '596716'),
(468, 'Bernard Goh', '82224064', '51 Teban Gardens Road #12-568', '600051'),
(469, 'Teo Jun Xiong', '97316060', '80 Bedok North Road #09-276', '460080'),
(470, 'Chris Ng', '91637767', '490B Tampines Street 45 #11-187', '521490'),
(471, 'Jesslyn Goh', '91059136', '205B Compassvale Lane #04-11', '542205'),
(472, 'Jessie Liu', '96861382', '508 Woodlands Drive 14 #02-100', '730508'),
(473, 'Calvin Loo', '94388593', 'The Waterside 7 Tanjong Rhu Road 15-01', '436887'),
(474, 'Colin Ho', '98903346', '44 Beo Crescent #10-77', '160044'),
(475, 'Barry Lim', '97984551', 'Lian Tong Building, 18 Tannery Lane #02-11', '347780'),
(476, 'Marcus Koh', '98285661', 'Peoples Garden 8 Lorong 1 Reality Park Unit no. 8', '536932'),
(477, 'Lim Sai Teng', '87171697', 'Twin Waterfalls 120 Punggol Walk #09-42', '828770'),
(478, 'Liza Sugimin', '81895020', '492C Tampines Street 45 #02-288', '522492'),
(479, 'Joelle Een', '93225531', '537 Bedok North Street 3 #03-549', '460537'),
(480, 'John Yong', '86661912', '19 Shelford Road #03-04', '288408'),
(481, 'Yong Leyi', '97465616', 'Block 19 Jalan Sultan #09-176 #09-176', '190019'),
(482, 'Irene Khoo', '92245808', '330 Clementi Avenue 2 #02-164', '120330'),
(483, 'Sufyan bin Tomah', '82987747', '133 Bedok Reservoir Road #04-1209', '470133'),
(484, 'Kaylene Lee', '84072618', '816 Tampines Ave 4 #16-255', '520816'),
(485, 'Kevin Soh', '96176555', '636 Choa Chu Kang North 6 #11-261', '680636'),
(486, 'Ang Xinyi', '98723321', 'Clementi Park 127 Sunset Way #01-01', '597156'),
(487, 'Chester Ong', '87554322', '50 Sengkang Square La Fiesta #08-04', '544830'),
(488, 'Jeremy Yong', '90844571', '54 Flora Drive #12-33', '506870'),
(489, 'Tan Boon Leong', '90233457', '700A Ang Mo Kio Ave 6 #14-302', '561700');

-- --------------------------------------------------------

--
-- Table structure for table `customer_purchase`
--

CREATE TABLE `customer_purchase` (
  `Order_Id` int(30) NOT NULL,
  `Cust_Id` int(30) NOT NULL,
  `Phone_number` varchar(10) NOT NULL,
  `SKU_Id` int(255) DEFAULT NULL,
  `Date_Of_Purchase` date NOT NULL,
  `Quantity` int(11) NOT NULL
) ENGINE=InnoDB DEFAULT CHARSET=latin1;

--
-- Dumping data for table `customer_purchase`
--

INSERT INTO `customer_purchase` (`Order_Id`, `Cust_Id`, `Phone_number`, `SKU_Id`, `Date_Of_Purchase`, `Quantity`) VALUES
(1, 1, '96245546', 111, '2017-01-01', 1),
(2, 2, '98685252', 585, '2017-01-01', 4),
(3, 3, '85467999', 590, '2017-01-05', 1),
(4, 4, '85879988', 94, '2017-01-05', 7),
(5, 5, '95549989', 418, '2017-01-09', 5),
(6, 481, '97465616', 50, '2017-01-09', 3),
(7, 6, '97552119', 8, '2017-01-09', 2),
(8, 7, '88228946', 59, '2017-01-10', 10),
(9, 8, '64557823', 551, '2017-01-11', 10),
(10, 9, '93378829', 438, '2017-01-11', 6),
(11, 10, '81045489', 20, '2017-01-11', 8),
(12, 11, '99229885', 299, '2017-01-12', 6),
(13, 12, '94553321', 91, '2017-01-14', 7),
(14, 13, '86675522', 202, '2017-01-14', 8),
(15, 280, '97770343', 605, '2017-01-15', 1),
(16, 14, '84436578', 507, '2017-01-15', 1),
(17, 15, '94459072', 627, '2017-01-17', 8),
(18, 16, '98712199', 482, '2017-01-17', 5),
(19, 17, '90335477', 410, '2017-01-18', 7),
(20, 18, '93380556', 183, '2017-01-20', 3),
(21, 19, '82447299', 611, '2017-01-20', 9),
(22, 20, '94359480', 258, '2017-01-20', 3),
(23, 2, '98685252', 465, '2017-01-20', 6),
(24, 22, '87790926', 117, '2017-01-23', 10),
(25, 23, '92691486', 204, '2017-01-23', 7),
(26, 24, '95664673', 78, '2017-01-25', 8),
(27, 337, '97541761', 47, '2017-01-26', 7),
(28, 25, '97061065', 204, '2017-01-27', 7),
(29, 85, '94990365', 270, '2017-01-27', 7),
(30, 26, '85476531', 559, '2017-01-27', 10),
(31, 27, '85876531', 522, '2017-01-30', 6),
(32, 28, '87386189', 339, '2017-01-30', 1),
(33, 156, '84319055', 567, '2017-01-30', 6),
(34, 29, '87776532', 377, '2017-01-30', 10),
(35, 30, '89093271', 61, '2017-01-31', 5),
(36, 31, '89093272', 239, '2017-02-01', 4),
(37, 32, '91807177', 75, '2017-02-01', 7),
(38, 33, '93386189', 562, '2017-02-06', 9),
(39, 34, '93386198', 636, '2017-02-06', 9),
(40, 93, '87773858', 375, '2017-02-06', 8),
(41, 35, '93456189', 406, '2017-02-06', 7),
(42, 36, '97478731', 603, '2017-02-06', 3),
(43, 37, '98706531', 626, '2017-02-07', 10),
(44, 38, '98228233', 268, '2017-02-07', 8),
(45, 39, '91107496', 467, '2017-02-10', 7),
(46, 40, '89573186', 125, '2017-02-10', 6),
(47, 41, '99689327', 398, '2017-02-10', 7),
(48, 250, '90481470', 499, '2017-02-10', 5),
(49, 42, '81653718', 143, '2017-02-11', 8),
(50, 43, '97419315', 349, '2017-02-11', 9),
(51, 44, '90069669', 366, '2017-02-11', 6),
(52, 45, '82735557', 381, '2017-02-15', 4),
(53, 46, '98522962', 227, '2017-02-15', 8),
(54, 395, '85186402', 197, '2017-02-15', 4),
(55, 47, '98180106', 329, '2017-02-17', 6),
(56, 48, '82847286', 269, '2017-02-17', 7),
(57, 49, '94823109', 282, '2017-02-20', 4),
(58, 50, '87104757', 622, '2017-02-20', 9),
(59, 51, '86614413', 223, '2017-02-20', 9),
(60, 52, '90368521', 412, '2017-02-22', 6),
(61, 53, '99451069', 342, '2017-02-22', 1),
(62, 231, '91712218', 535, '2017-02-23', 2),
(63, 54, '80830072', 607, '2017-02-27', 1),
(64, 55, '97671786', 20, '2017-02-27', 6),
(65, 56, '97880855', 131, '2017-02-27', 7),
(66, 57, '88483398', 409, '2017-02-27', 8),
(67, 58, '96230473', 384, '2017-02-28', 4),
(68, 59, '95583287', 318, '2017-02-28', 10),
(69, 185, '86559009', 315, '2017-02-28', 5),
(70, 60, '85261068', 574, '2017-02-28', 10),
(71, 61, '96934734', 440, '2017-03-02', 2),
(72, 62, '95451883', 127, '2017-03-03', 10),
(73, 63, '94232681', 164, '2017-03-03', 1),
(74, 64, '95965423', 374, '2017-03-05', 1),
(75, 7, '88228946', 186, '2017-03-05', 6),
(76, 65, '99227315', 14, '2017-03-05', 2),
(77, 66, '92876501', 259, '2017-03-08', 9),
(78, 210, '90933342', 112, '2017-03-08', 2),
(79, 67, '88850480', 42, '2017-03-08', 6),
(80, 68, '96359143', 331, '2017-03-09', 2),
(81, 69, '90974103', 629, '2017-03-10', 4),
(82, 70, '83824925', 539, '2017-03-12', 8),
(83, 71, '96898211', 147, '2017-03-12', 1),
(84, 72, '97188478', 97, '2017-03-15', 1),
(85, 105, '98235817', 424, '2017-03-15', 2),
(86, 73, '92953031', 486, '2017-03-15', 4),
(87, 74, '90757230', 317, '2017-03-15', 8),
(88, 75, '90407227', 337, '2017-03-17', 1),
(89, 76, '86180966', 618, '2017-03-17', 8),
(90, 352, '96717039', 48, '2017-03-17', 5),
(91, 77, '97805142', 346, '2017-03-17', 9),
(92, 78, '86556329', 566, '2017-03-19', 2),
(93, 79, '96854150', 288, '2017-03-19', 2),
(94, 165, '81806112', 38, '2017-03-19', 4),
(95, 80, '83643335', 611, '2017-03-21', 8),
(96, 81, '93561255', 461, '2017-03-21', 8),
(97, 82, '98850262', 124, '2017-03-21', 9),
(98, 83, '96602836', 255, '2017-03-25', 10),
(99, 84, '98995665', 408, '2017-03-25', 6),
(100, 85, '94990365', 583, '2017-03-27', 3),
(101, 86, '98545321', 72, '2017-03-27', 6),
(102, 87, '80610503', 208, '2017-03-27', 10),
(103, 88, '91933871', 198, '2017-03-30', 1),
(104, 484, '84072618', 14, '2017-03-30', 2),
(105, 89, '95657711', 31, '2017-03-30', 5),
(106, 90, '93482906', 358, '2017-03-31', 6),
(107, 91, '85043593', 95, '2017-04-02', 5),
(108, 92, '88425133', 536, '2017-04-02', 6),
(109, 93, '87773858', 76, '2017-04-03', 9),
(110, 176, '93366854', 382, '2017-04-04', 5),
(111, 94, '86972240', 337, '2017-04-04', 8),
(112, 95, '94464048', 202, '2017-04-04', 9),
(113, 96, '92141269', 313, '2017-04-09', 4),
(114, 97, '98559552', 587, '2017-04-09', 5),
(115, 98, '94352709', 331, '2017-04-09', 9),
(116, 99, '82667517', 156, '2017-04-09', 1),
(117, 100, '82776598', 397, '2017-04-11', 9),
(118, 101, '88723464', 84, '2017-04-11', 1),
(119, 102, '91857943', 86, '2017-04-11', 7),
(120, 103, '97816512', 589, '2017-04-13', 7),
(121, 104, '96218817', 29, '2017-04-13', 8),
(122, 105, '98235817', 564, '2017-04-15', 4),
(123, 106, '92723229', 136, '2017-04-19', 9),
(124, 107, '80105555', 53, '2017-04-19', 3),
(125, 108, '92395636', 556, '2017-04-19', 3),
(126, 109, '81113284', 374, '2017-04-19', 10),
(127, 110, '91519467', 320, '2017-04-20', 9),
(128, 111, '89086834', 56, '2017-04-21', 5),
(129, 112, '86264347', 357, '2017-04-22', 8),
(130, 113, '96371301', 471, '2017-04-22', 10),
(131, 114, '94884082', 497, '2017-04-24', 9),
(132, 115, '94898938', 89, '2017-04-27', 4),
(133, 116, '94775174', 25, '2017-04-27', 7),
(134, 117, '91166828', 339, '2017-04-27', 6),
(135, 118, '98645086', 485, '2017-04-30', 9),
(136, 92, '88425133', 587, '2017-04-30', 3),
(137, 119, '97547347', 487, '2017-04-30', 9),
(138, 120, '94572783', 31, '2017-04-30', 5),
(139, 121, '93248652', 100, '2017-05-01', 1),
(140, 122, '98545961', 352, '2017-05-01', 8),
(141, 123, '97116795', 122, '2017-05-02', 8),
(142, 124, '95103871', 60, '2017-05-04', 2),
(143, 125, '92337391', 301, '2017-05-04', 10),
(144, 126, '99150695', 186, '2017-05-04', 1),
(145, 127, '85005221', 89, '2017-05-06', 10),
(146, 1, '96245546', 30, '2017-05-06', 3),
(147, 128, '85259861', 19, '2017-05-07', 5),
(148, 129, '87573228', 392, '2017-05-07', 4),
(149, 130, '97495704', 276, '2017-05-07', 9),
(150, 131, '96208565', 491, '2017-05-10', 6),
(151, 132, '91355440', 224, '2017-05-10', 4),
(152, 34, '93386198', 439, '2017-05-10', 5),
(153, 134, '83445419', 447, '2017-05-10', 4),
(154, 135, '82103210', 440, '2017-05-15', 1),
(155, 136, '87109077', 46, '2017-05-15', 3),
(156, 137, '90106560', 243, '2017-05-15', 5),
(157, 138, '91071955', 320, '2017-05-15', 1),
(158, 139, '82226796', 442, '2017-05-18', 3),
(159, 140, '98776740', 409, '2017-05-18', 2),
(160, 141, '80123096', 627, '2017-05-20', 1),
(161, 216, '96794477', 329, '2017-05-21', 1),
(162, 142, '87669021', 192, '2017-05-24', 1),
(163, 143, '94426890', 254, '2017-05-24', 8),
(164, 144, '91804668', 498, '2017-05-24', 8),
(165, 145, '98775450', 216, '2017-05-24', 9),
(166, 251, '82459821', 620, '2017-05-24', 7),
(167, 146, '84327790', 616, '2017-05-26', 6),
(168, 147, '80198557', 400, '2017-05-26', 1),
(169, 148, '98887012', 159, '2017-05-26', 1),
(170, 194, '92335888', 9, '2017-05-27', 8),
(171, 149, '81684916', 381, '2017-05-28', 5),
(172, 150, '83396147', 146, '2017-05-29', 8),
(173, 151, '91124555', 249, '2017-06-02', 2),
(174, 152, '86673366', 515, '2017-06-02', 8),
(175, 153, '82667890', 472, '2017-06-02', 5),
(176, 154, '81115843', 501, '2017-06-04', 10),
(177, 183, '97996805', 636, '2017-06-04', 1),
(178, 155, '85148904', 238, '2017-06-04', 7),
(179, 156, '84319055', 67, '2017-06-08', 2),
(180, 157, '96608055', 10, '2017-06-08', 9),
(181, 6, '97552119', 417, '2017-06-08', 3),
(182, 159, '82334890', 332, '2017-06-10', 9),
(183, 160, '81068991', 309, '2017-06-10', 2),
(184, 161, '97670944', 194, '2017-06-11', 7),
(185, 162, '98990922', 66, '2017-06-11', 10),
(186, 163, '98755540', 528, '2017-06-13', 7),
(187, 164, '87886551', 545, '2017-06-14', 5),
(188, 165, '81806112', 578, '2017-06-14', 6),
(189, 335, '90046869', 484, '2017-06-18', 10),
(190, 166, '90155580', 473, '2017-06-19', 9),
(191, 167, '82336670', 387, '2017-06-19', 6),
(192, 168, '87909288', 414, '2017-06-19', 9),
(193, 169, '80924311', 574, '2017-06-19', 3),
(194, 170, '93853017', 6, '2017-06-20', 2),
(195, 304, '97593438', 244, '2017-06-21', 10),
(196, 171, '90114589', 452, '2017-06-22', 7),
(197, 172, '98280837', 382, '2017-06-22', 8),
(198, 173, '87900144', 211, '2017-06-23', 8),
(199, 174, '94573055', 310, '2017-06-24', 4),
(200, 175, '98783235', 65, '2017-06-24', 8),
(201, 176, '93366854', 325, '2017-06-24', 7),
(202, 177, '90033778', 138, '2017-06-27', 5),
(203, 178, '96342213', 277, '2017-06-28', 5),
(204, 179, '90905889', 292, '2017-06-28', 2),
(205, 401, '93345678', 553, '2017-06-28', 7),
(206, 180, '98001344', 581, '2017-06-30', 2),
(207, 181, '90156688', 183, '2017-07-05', 4),
(208, 329, '91782643', 323, '2017-07-05', 2),
(209, 182, '96202831', 285, '2017-07-05', 8),
(210, 183, '97996805', 204, '2017-07-07', 3),
(211, 184, '90771244', 251, '2017-07-07', 1),
(212, 185, '86559009', 150, '2017-07-10', 9),
(213, 186, '92475649', 524, '2017-07-10', 9),
(214, 187, '92315590', 633, '2017-07-10', 4),
(215, 188, '90018636', 337, '2017-07-13', 4),
(216, 189, '87665890', 517, '2017-07-13', 7),
(217, 190, '81892171', 631, '2017-07-13', 5),
(218, 191, '91000456', 362, '2017-07-13', 7),
(219, 192, '81013379', 492, '2017-07-17', 8),
(220, 193, '80992499', 494, '2017-07-19', 4),
(221, 194, '92335888', 345, '2017-07-19', 6),
(222, 195, '95667090', 543, '2017-07-21', 8),
(223, 196, '93876299', 141, '2017-07-21', 8),
(224, 197, '92115880', 397, '2017-07-24', 5),
(225, 198, '96174465', 567, '2017-07-24', 6),
(226, 199, '90998755', 295, '2017-07-25', 3),
(227, 200, '81889553', 520, '2017-07-27', 10),
(228, 362, '98510165', 22, '2017-07-27', 3),
(229, 201, '91223788', 339, '2017-07-27', 2),
(230, 202, '89901033', 379, '2017-07-27', 5),
(231, 203, '90513274', 328, '2017-07-28', 2),
(232, 204, '82446099', 281, '2017-07-28', 1),
(233, 205, '93883791', 346, '2017-07-28', 2),
(234, 206, '87661233', 556, '2017-07-28', 7),
(235, 184, '90771244', 380, '2017-07-28', 6),
(236, 207, '92226788', 596, '2017-07-30', 10),
(237, 222, '85335250', 107, '2017-07-30', 7),
(238, 208, '96395290', 45, '2017-07-30', 1),
(239, 209, '97891322', 13, '2017-08-31', 8),
(240, 210, '90933342', 348, '2017-08-31', 4),
(241, 211, '90125589', 483, '2017-08-01', 9),
(242, 212, '98900133', 404, '2017-08-01', 2),
(243, 335, '90046869', 263, '2017-08-01', 4),
(244, 98, '94352709', 503, '2017-08-01', 3),
(245, 213, '97847789', 620, '2017-08-02', 10),
(246, 214, '9.13E+07', 9, '2017-08-02', 10),
(247, 215, '90992833', 308, '2017-08-04', 9),
(248, 283, '98709049', 529, '2017-08-04', 2),
(249, 216, '96794477', 432, '2017-08-04', 2),
(250, 217, '90012465', 567, '2017-08-04', 2),
(251, 218, '97438275', 234, '2017-08-06', 8),
(252, 46, '98522962', 195, '2017-08-06', 7),
(253, 219, '84998137', 411, '2017-08-06', 4),
(254, 220, '85226964', 455, '2017-08-06', 6),
(255, 221, '94239104', 454, '2017-08-11', 3),
(256, 222, '85335250', 442, '2017-08-11', 2),
(257, 223, '96637773', 450, '2017-08-15', 9),
(258, 224, '81027781', 506, '2017-08-15', 4),
(259, 302, '94318493', 615, '2017-08-15', 7),
(260, 225, '91096838', 179, '2017-08-17', 7),
(261, 226, '87664399', 560, '2017-08-20', 2),
(262, 227, '96903370', 14, '2017-08-20', 5),
(263, 228, '91776046', 562, '2017-08-20', 1),
(264, 229, '94318995', 297, '2017-08-21', 3),
(265, 230, '97482660', 291, '2017-08-21', 3),
(266, 231, '91712218', 402, '2017-08-21', 8),
(267, 32, '91807177', 555, '2017-08-21', 2),
(268, 232, '91990046', 386, '2017-08-22', 9),
(269, 233, '91469701', 31, '2017-08-22', 8),
(270, 332, '83230806', 571, '2017-08-24', 1),
(271, 234, '97366706', 238, '2017-08-24', 10),
(272, 235, '96728375', 608, '2017-08-24', 8),
(273, 236, '96310336', 51, '2017-08-24', 4),
(274, 330, '81235757', 343, '2017-08-28', 7),
(275, 237, '96530239', 158, '2017-08-28', 7),
(276, 238, '85337735', 221, '2017-08-29', 10),
(277, 239, '98429228', 197, '2017-08-28', 10),
(278, 240, '90222865', 418, '2017-08-30', 7),
(279, 241, '92260706', 458, '2017-09-02', 8),
(280, 242, '97599650', 32, '2017-09-02', 4),
(281, 213, '97847789', 337, '2017-09-02', 6),
(282, 243, '91263443', 195, '2017-09-04', 8),
(283, 244, '96434826', 148, '2017-09-04', 6),
(284, 245, '98559483', 614, '2017-09-04', 4),
(285, 157, '96608055', 455, '2017-09-04', 2),
(286, 246, '90301680', 480, '2017-09-06', 8),
(287, 247, '98233690', 222, '2017-09-06', 3),
(288, 248, '96602267', 391, '2017-09-08', 4),
(289, 249, '94552982', 341, '2017-09-08', 5),
(290, 98, '94352709', 628, '2017-09-08', 9),
(291, 250, '90481470', 300, '2017-09-08', 6),
(292, 251, '82459821', 559, '2017-09-11', 10),
(293, 252, '97208755', 222, '2017-09-11', 6),
(294, 326, '81886025', 460, '2017-09-11', 10),
(295, 253, '90235605', 131, '2017-09-11', 5),
(296, 254, '91076985', 579, '2017-09-14', 10),
(297, 255, '97329913', 286, '2017-09-14', 6),
(298, 256, '91504754', 159, '2017-09-16', 5),
(299, 6, '97552119', 538, '2017-09-16', 5),
(300, 257, '87203783', 15, '2017-09-16', 7),
(301, 258, '98488116', 430, '2017-09-18', 7),
(302, 259, '91181465', 338, '2017-09-20', 5),
(303, 260, '92711324', 269, '2017-09-20', 4),
(304, 336, '97807914', 259, '2017-09-21', 10),
(305, 261, '96468306', 106, '2017-09-21', 5),
(306, 262, '94763260', 519, '2017-09-21', 9),
(307, 263, '82189604', 475, '2017-09-21', 1),
(308, 264, '93388470', 65, '2017-09-24', 10),
(309, 265, '91014380', 291, '2017-09-24', 2),
(310, 266, '90223993', 394, '2017-09-26', 5),
(311, 267, '87480876', 386, '2017-09-28', 3),
(312, 29, '87776532', 491, '2017-09-28', 1),
(313, 268, '85187584', 498, '2017-09-28', 4),
(314, 269, '81838418', 157, '2017-09-29', 3),
(315, 270, '84220676', 356, '2017-09-30', 5),
(316, 271, '96540130', 357, '2017-10-06', 4),
(317, 272, '81012826', 39, '2017-10-06', 3),
(318, 273, '90223029', 153, '2017-10-07', 10),
(319, 274, '91788931', 298, '2017-10-08', 2),
(320, 275, '84814691', 112, '2017-10-08', 9),
(321, 131, '96208565', 458, '2017-10-08', 9),
(322, 276, '81639623', 30, '2017-10-10', 2),
(323, 277, '96206870', 121, '2017-10-12', 5),
(324, 278, '81894140', 412, '2017-10-12', 4),
(325, 279, '93837177', 635, '2017-10-14', 4),
(326, 280, '97770343', 616, '2017-10-14', 3),
(327, 281, '90108024', 511, '2017-10-16', 3),
(328, 282, '96227150', 299, '2017-10-16', 8),
(329, 283, '98709049', 306, '2017-10-16', 5),
(330, 284, '90010082', 538, '2017-10-19', 9),
(331, 285, '96190661', 516, '2017-10-19', 9),
(332, 286, '90617694', 19, '2017-10-21', 5),
(333, 122, '98545961', 566, '2017-10-21', 5),
(334, 287, '90013894', 255, '2017-10-22', 5),
(335, 288, '81852443', 44, '2017-10-22', 3),
(336, 289, '90071807', 439, '2017-10-24', 5),
(337, 290, '85519576', 172, '2017-10-24', 7),
(338, 291, '85331858', 633, '2017-10-24', 6),
(339, 292, '98274125', 91, '2017-10-26', 1),
(340, 293, '97356496', 499, '2017-10-26', 7),
(341, 294, '91544268', 258, '2017-10-29', 8),
(342, 295, '86563142', 349, '2017-10-29', 4),
(343, 296, '97342648', 62, '2017-10-29', 8),
(344, 297, '83887235', 632, '2017-10-30', 8),
(345, 298, '96968098', 46, '2017-10-30', 4),
(346, 299, '94894659', 36, '2017-10-31', 3),
(347, 300, '97611310', 9, '2017-10-31', 6),
(348, 301, '96610501', 461, '2017-11-01', 4),
(349, 302, '94318493', 463, '2017-11-01', 2),
(350, 303, '97826020', 199, '2017-11-01', 4),
(351, 304, '97593438', 403, '2017-11-03', 2),
(352, 63, '94232681', 30, '2017-11-03', 10),
(353, 305, '96178395', 14, '2017-11-03', 2),
(354, 306, '90199760', 548, '2017-11-05', 9),
(355, 307, '94564315', 593, '2017-11-07', 2),
(356, 111, '89086834', 317, '2017-11-07', 1),
(357, 308, '90616355', 351, '2017-11-07', 3),
(358, 309, '96529585', 52, '2017-11-08', 9),
(359, 310, '97700657', 479, '2017-11-10', 10),
(360, 311, '81773223', 248, '2017-11-10', 8),
(361, 95, '94464048', 71, '2017-11-10', 5),
(362, 312, '93624886', 44, '2017-11-10', 5),
(363, 313, '96250883', 561, '2017-11-13', 3),
(364, 314, '90273371', 529, '2017-11-13', 3),
(365, 315, '97499718', 537, '2017-11-13', 8),
(366, 316, '90308276', 276, '2017-11-15', 4),
(367, 317, '98239659', 271, '2017-11-15', 8),
(368, 318, '83418472', 178, '2017-11-17', 8),
(369, 257, '87203783', 358, '2017-11-17', 7),
(370, 319, '93219156', 396, '2017-11-18', 5),
(371, 320, '92287646', 487, '2017-11-18', 9),
(372, 321, '91506711', 499, '2017-11-22', 4),
(373, 322, '91525100', 456, '2017-11-22', 2),
(374, 323, '82611330', 195, '2017-11-22', 4),
(375, 324, '84843909', 437, '2017-11-24', 1),
(376, 325, '90102744', 80, '2017-11-24', 9),
(377, 83, '96602836', 266, '2017-11-25', 4),
(378, 326, '81886025', 208, '2017-11-25', 5),
(379, 327, '96728476', 636, '2017-11-27', 5),
(380, 328, '94366482', 45, '2017-11-27', 5),
(381, 329, '91782643', 123, '2017-11-30', 4),
(382, 330, '81235757', 191, '2017-11-30', 7),
(383, 331, '97963522', 97, '2017-12-01', 1),
(384, 332, '83230806', 320, '2017-12-01', 1),
(385, 333, '91726358', 121, '2017-12-01', 10),
(386, 334, '98253257', 329, '2017-12-04', 3),
(387, 335, '90046869', 151, '2017-12-04', 1),
(388, 74, '90757230', 433, '2017-12-05', 3),
(389, 336, '97612442', 484, '2017-12-05', 9),
(390, 337, '97541761', 550, '2017-12-05', 9),
(391, 338, '84188169', 633, '2017-12-07', 7),
(392, 339, '95676659', 153, '2017-12-07', 9),
(393, 13, '86675522', 388, '2017-12-07', 3),
(394, 340, '98640040', 378, '2017-12-09', 7),
(395, 341, '85025429', 218, '2017-12-09', 9),
(396, 342, '86168389', 205, '2017-12-11', 8),
(397, 343, '86994421', 556, '2017-12-11', 3),
(398, 344, '97921527', 335, '2017-12-11', 2),
(399, 28, '87386189', 286, '2017-12-14', 7),
(400, 345, '87207040', 157, '2017-12-14', 2),
(401, 346, '98442248', 504, '2017-12-14', 7),
(402, 347, '97346394', 492, '2017-12-16', 4),
(403, 348, '83997261', 582, '2017-12-17', 10),
(404, 349, '93294668', 373, '2017-12-17', 2),
(405, 350, '86995442', 604, '2017-12-19', 4),
(406, 36, '97478731', 332, '2017-12-19', 3),
(407, 351, '93289321', 374, '2017-12-20', 9),
(408, 352, '96717039', 593, '2017-12-20', 1),
(409, 353, '97328904', 264, '2017-12-20', 10),
(410, 354, '97979042', 292, '2017-12-21', 7),
(411, 355, '96885198', 57, '2017-12-21', 1),
(412, 356, '9.83E+07', 448, '2017-12-27', 5),
(413, 92, '88425133', 270, '2017-12-27', 9),
(414, 357, '93364434', 224, '2017-12-27', 8),
(415, 358, '93833646', 552, '2017-12-27', 3),
(416, 359, '94500995', 265, '2018-01-01', 6),
(417, 360, '92986641', 450, '2018-01-01', 6),
(418, 361, '97859524', 638, '2018-01-02', 9),
(419, 362, '98510165', 306, '2018-01-02', 7),
(420, 363, '97105757', 199, '2018-01-02', 6),
(421, 364, '84033261', 588, '2018-01-02', 6),
(422, 365, '93364386', 132, '2018-01-02', 5),
(423, 366, '97807914', 412, '2018-01-04', 2),
(424, 136, '87109077', 632, '2018-01-04', 4),
(425, 367, '94231270', 175, '2018-01-04', 1),
(426, 368, '93804963', 487, '2018-01-07', 2),
(427, 2, '98685252', 155, '2018-01-07', 6),
(428, 369, '98413146', 178, '2018-01-07', 6),
(429, 370, '91506595', 457, '2018-01-07', 1),
(430, 21, '82447299', 111, '2018-01-07', 5),
(431, 371, '97976401', 394, '2018-01-07', 4),
(432, 372, '83885710', 180, '2018-01-09', 6),
(433, 373, '96585979', 536, '2018-01-13', 10),
(434, 258, '98488116', 433, '2018-01-13', 5),
(435, 52, '90368521', 221, '2018-01-13', 3),
(436, 374, '96838951', 115, '2018-01-14', 3),
(437, 375, '96787050', 508, '2018-01-15', 4),
(438, 376, '84980087', 43, '2018-01-15', 7),
(439, 13, '86675522', 98, '2018-01-15', 6),
(440, 377, '97698585', 254, '2018-01-16', 4),
(441, 378, '91833180', 224, '2018-01-16', 3),
(442, 379, '90938935', 230, '2018-01-17', 10),
(443, 380, '97775092', 139, '2018-01-17', 6),
(444, 42, '81653718', 419, '2018-01-17', 1),
(445, 381, '98157341', 462, '2018-01-17', 2),
(446, 382, '94560615', 313, '2018-01-17', 4),
(447, 25, '92691486', 77, '2018-01-17', 5),
(448, 383, '96418778', 531, '2018-01-19', 3),
(449, 384, '97558415', 562, '2018-01-19', 7),
(450, 385, '96407710', 55, '2018-01-20', 1),
(451, 386, '91265291', 175, '2018-01-21', 5),
(452, 10, '93378829', 43, '2018-01-21', 6),
(453, 47, '98180106', 78, '2018-01-21', 3),
(454, 387, '98362744', 333, '2018-01-22', 1),
(455, 388, '97894970', 528, '2018-01-23', 10),
(456, 389, '93392340', 21, '2018-01-23', 3),
(457, 219, '84998137', 130, '2018-01-23', 5),
(458, 390, '81806035', 68, '2018-01-23', 2),
(459, 391, '96519665', 107, '2018-01-26', 2),
(460, 392, '96423805', 463, '2018-01-26', 1),
(461, 393, '96445232', 46, '2018-01-28', 2),
(462, 1, '96245546', 382, '2018-01-28', 8),
(463, 394, '97823963', 191, '2018-01-29', 10),
(464, 395, '85186402', 36, '2018-01-30', 7),
(465, 396, '86114033', 367, '2018-01-30', 9),
(466, 397, '91012373', 266, '2018-01-30', 2),
(467, 6, '97552119', 218, '2018-01-31', 10),
(468, 398, '98294827', 260, '2018-01-31', 2),
(469, 399, '91878140', 635, '2018-01-31', 2),
(470, 400, '98418947', 117, '2018-02-01', 9),
(471, 401, '93345678', 257, '2018-02-01', 9),
(472, 402, '90600168', 388, '2018-02-01', 5),
(473, 403, '92739216', 215, '2018-02-01', 5),
(474, 404, '90996904', 194, '2018-02-01', 1),
(475, 131, '96208565', 36, '2018-02-01', 3),
(476, 405, '91050325', 520, '2018-02-01', 2),
(477, 406, '65410846', 379, '2018-02-02', 10),
(478, 407, '86110654', 570, '2018-02-02', 8),
(479, 408, '98379185', 331, '2018-02-02', 8),
(480, 409, '92371492', 504, '2018-02-02', 9),
(481, 410, '96898833', 109, '2018-02-02', 4),
(482, 5, '95549989', 428, '2018-02-02', 3),
(483, 411, '96795481', 13, '2018-02-04', 3),
(484, 412, '97561820', 45, '2018-02-04', 4),
(485, 413, '96750402', 410, '2018-02-04', 9),
(486, 414, '96224730', 56, '2018-02-04', 2),
(487, 415, '82278227', 569, '2018-02-04', 3),
(488, 416, '96823435', 565, '2018-02-06', 5),
(489, 60, '85261068', 156, '2018-02-06', 5),
(490, 417, '96750873', 143, '2018-02-06', 3),
(491, 418, '84999644', 438, '2018-02-06', 6),
(492, 419, '94491582', 188, '2018-02-06', 2),
(493, 420, '97422668', 389, '2018-02-07', 5),
(494, 83, '96602836', 208, '2018-02-07', 8),
(495, 421, '96217634', 59, '2018-02-07', 2),
(496, 422, '97414921', 247, '2018-02-07', 9),
(497, 423, '97910024', 548, '2018-02-07', 7),
(498, 424, '98485622', 155, '2018-02-07', 3),
(499, 19, '82447299', 476, '2018-02-08', 1),
(500, 425, '94792093', 561, '2018-02-08', 10),
(501, 426, '91691810', 545, '2018-02-08', 4),
(502, 427, '81236629', 220, '2018-02-08', 3),
(503, 2, '98685252', 588, '2018-02-08', 8),
(504, 428, '97673698', 627, '2018-02-08', 5),
(505, 429, '91151267', 375, '2018-02-08', 4),
(506, 430, '96508409', 610, '2018-02-08', 7),
(507, 431, '96710523', 113, '2018-02-08', 4),
(508, 432, '94508755', 20, '2018-02-09', 5),
(509, 433, '93577570', 552, '2018-02-09', 5),
(510, 434, '90231392', 490, '2018-02-09', 1),
(511, 435, '81184889', 220, '2018-02-09', 5),
(512, 436, '87277089', 511, '2018-02-09', 5),
(513, 99, '82667517', 175, '2018-02-09', 5),
(514, 437, '96261210', 139, '2018-02-09', 4),
(515, 438, '83386176', 570, '2018-02-09', 7),
(516, 439, '81136645', 147, '2018-02-09', 10),
(517, 440, '97438834', 92, '2018-02-10', 1),
(518, 441, '91773138', 148, '2018-02-10', 10),
(519, 442, '93277276', 433, '2018-02-10', 8),
(520, 443, '96404155', 507, '2018-02-10', 1),
(521, 444, '97113171', 335, '2018-02-10', 10),
(522, 100, '82776598', 240, '2018-02-10', 6),
(523, 445, '81989236', 160, '2018-02-11', 3),
(524, 446, '98204011', 329, '2018-02-11', 9),
(525, 447, '87669490', 375, '2018-02-11', 2),
(526, 119, '97547347', 622, '2018-02-11', 5),
(527, 448, '82992439', 221, '2018-02-11', 5),
(528, 449, '81884758', 171, '2018-02-12', 9),
(529, 450, '92351672', 462, '2018-02-12', 3),
(530, 451, '92954484', 233, '2018-02-12', 6),
(531, 216, '96794477', 18, '2018-02-12', 2),
(532, 452, '98371437', 543, '2018-02-12', 3),
(533, 453, '85330536', 285, '2018-02-13', 1),
(534, 454, '90285237', 61, '2018-02-13', 4),
(535, 455, '92959612', 610, '2018-02-13', 10),
(536, 456, '96222142', 589, '2018-02-13', 2),
(537, 457, '93682420', 510, '2018-02-13', 10),
(538, 458, '96787736', 341, '2018-02-14', 3),
(539, 79, '96854150', 350, '2018-02-14', 3),
(540, 459, '87664282', 616, '2018-02-14', 8),
(541, 460, '90272134', 152, '2018-02-14', 7),
(542, 461, '87106418', 37, '2018-02-16', 9),
(543, 462, '92775441', 337, '2018-02-16', 1),
(544, 463, '96825340', 587, '2018-02-16', 1),
(545, 464, '91519686', 112, '2018-02-16', 6),
(546, 62, '95451883', 470, '2018-02-17', 10),
(547, 465, '91683815', 46, '2018-02-17', 7),
(548, 466, '90303987', 246, '2018-02-17', 4),
(549, 467, '98251122', 122, '2018-02-19', 8),
(550, 468, '82224064', 70, '2018-02-19', 10),
(551, 469, '97316060', 75, '2018-02-19', 2),
(552, 470, '91637767', 544, '2018-02-19', 8),
(553, 471, '91059136', 427, '2018-02-19', 9),
(554, 472, '96861382', 383, '2018-02-21', 6),
(555, 473, '94388593', 461, '2018-02-21', 5),
(556, 474, '98903346', 375, '2018-02-21', 2),
(557, 475, '97984551', 42, '2018-02-21', 2),
(558, 27, '85876531', 440, '2018-02-21', 3),
(559, 476, '98285661', 99, '2018-02-23', 5),
(560, 477, '87171697', 406, '2018-02-23', 10),
(561, 478, '81895020', 168, '2018-02-23', 7),
(562, 479, '93225531', 77, '2018-02-24', 6),
(563, 480, '86661912', 276, '2018-02-24', 10),
(564, 481, '97465616', 291, '2018-02-24', 6),
(565, 482, '92245808', 301, '2018-02-24', 5),
(566, 483, '82987747', 16, '2018-02-24', 3),
(567, 44, '90069669', 146, '2018-02-25', 1),
(568, 484, '84072618', 420, '2018-02-25', 4),
(569, 485, '96176555', 23, '2018-02-27', 7),
(570, 486, '98723321', 592, '2018-02-27', 7),
(571, 487, '87554322', 500, '2018-02-28', 5),
(572, 488, '90844571', 325, '2018-02-28', 8),
(573, 489, '90233457', 635, '2018-02-28', 6),
(574, 489, '90233457', 635, '2018-02-15', 3),
(577, 1, '96245546', 641, '2018-03-01', 2),
(578, 1, '96245546', 641, '2018-03-01', 2),
(579, 12, '99229885', 642, '2018-03-01', 3),
(580, 12, '99229885', 642, '2018-03-01', 3),
(581, 25, '92691486', 642, '2018-03-21', 4),
(582, 25, '92691486', 642, '2018-03-21', 4),
(583, 50, '97419315', 641, '2018-03-02', 4),
(584, 93, '87773858', 641, '2018-03-03', 2),
(585, 50, '97419315', 641, '2018-03-02', 4),
(586, 93, '87773858', 641, '2018-03-03', 2),
(587, 93, '87773858', 642, '2018-03-03', 2),
(588, 337, '97541761', 642, '2018-03-18', 2),
(589, 15, '94459072', 111, '2018-02-14', 3),
(590, 208, '97770343', 465, '2018-02-11', 12),
(591, 131, '96208565', 1, '2018-02-07', 1),
(592, 386, '91265291', 643, '2018-03-26', 10),
(593, 386, '91265291', 643, '2018-03-26', 10),
(594, 474, '90996904', 642, '2018-03-19', 3);

-- --------------------------------------------------------

--
-- Table structure for table `expensetracker`
--

CREATE TABLE `expensetracker` (
  `date` varchar(45) NOT NULL,
  `expenseTypes` varchar(45) NOT NULL,
  `remark` varchar(100) NOT NULL,
  `cost` double(45,0) NOT NULL
) ENGINE=InnoDB DEFAULT CHARSET=latin1;

--
-- Dumping data for table `expensetracker`
--

INSERT INTO `expensetracker` (`date`, `expenseTypes`, `remark`, `cost`) VALUES
('2017-01-18', 'Delivery', 'Cost of Transporting', 35),
('2017-02-19', 'Postage', 'Buying of stamps', 70),
('2017-03-21', 'Supplies', 'Office supplies - writing instruments and papers', 32),
('2017-04-22', 'Taxes', 'Govt tax', 56),
('2017-05-23', 'Packaging Material', 'Plastic wrappers,scrotch tape, bubble wraps', 50),
('2017-06-24', 'Insurance', 'Insurance for Jan', 150),
('2017-07-26', 'Utilities', 'For office', 93),
('2017-08-28', 'Marketing', 'For shopping plaforms x3', 67),
('2018-01-18', 'Delivery', 'Cost of Transporting', 35),
('2018-01-19', 'Postage', 'Buying of stamps', 40),
('2018-01-20', 'Supplies', 'Office supplies - writing instruments and papers', 27),
('2018-01-21', 'Taxes', 'Govt tax', 56),
('2018-01-22', 'Packaging Material', 'Plastic wrappers,scrotch tape, bubble wraps', 35),
('2018-01-23', 'Insurance', 'Insurance for Jan', 110),
('2018-01-24', 'Utilities', 'For office', 93),
('2018-01-25', 'Marketing', 'For shopping plaforms x3', 33),
('2018-02-15', 'Bank Charges', 'Bank Payment made', 45),
('2018-02-15', 'Packaging Materials', 'Packaging of plastic', 10);

-- --------------------------------------------------------

--
-- Table structure for table `expensetypes`
--

CREATE TABLE `expensetypes` (
  `ExpenseType` varchar(100) NOT NULL
) ENGINE=MyISAM DEFAULT CHARSET=latin1;

--
-- Dumping data for table `expensetypes`
--

INSERT INTO `expensetypes` (`ExpenseType`) VALUES
('Bank Charges'),
('Driving'),
('Insurance'),
('Marketing'),
('Misc/Admin'),
('Packing Materials'),
('Parking Fee'),
('Petrol'),
('Phone Fee'),
('Poly Mailer & Plastic'),
('Qoo10 Top Up'),
('Refund'),
('Rent'),
('Repairs and Maintenance'),
('Salary for Cynthia'),
('Salary for Other Staff'),
('Salary for Qing Yang'),
('Self-Employment Taxes'),
('Staff Remunerations'),
('Stamp'),
('Supplies'),
('Taxes'),
('Travel'),
('Utilities'),
('Vendor Rebate'),
('Wages');

-- --------------------------------------------------------

--
-- Table structure for table `inventory`
--

CREATE TABLE `inventory` (
  `SKU_Id` int(255) NOT NULL,
  `Name` varchar(100) NOT NULL,
  `Quantity` int(11) NOT NULL,
  `Updated_Date` varchar(50) NOT NULL,
  `Cost_Price` decimal(12,2) NOT NULL,
  `Selling_Price` decimal(12,2) NOT NULL
) ENGINE=InnoDB DEFAULT CHARSET=latin1;

--
-- Dumping data for table `inventory`
--

INSERT INTO `inventory` (`SKU_Id`, `Name`, `Quantity`, `Updated_Date`, `Cost_Price`, `Selling_Price`) VALUES
(1, 'Collection A Design 1 - Animal (Pig)', 144, '2/24/2018', '1.40', '1.68'),
(2, 'Collection A Design 1 - Animal (Panda)', 54, '2/24/2018', '1.40', '1.68'),
(3, 'Collection A Design 1 - Animal (Giraffe)', 97, '2/24/2018', '1.40', '1.68'),
(4, 'Collection A Design 1 - Animal (Bear)', 155, '2/24/2018', '1.40', '1.68'),
(5, 'Collection A (Short) Design 2 & 3 Animal (Grey Bea', 16, '2/24/2018', '1.40', '1.68'),
(6, 'Collection A (Short) Design 2 & 3 Animal (101 Dalm', 31, '2/24/2018', '1.40', '1.68'),
(7, 'Collection A (Short) Design 2 & 3 Animal (Pig)', 8, '2/24/2018', '1.40', '1.68'),
(8, 'Collection A (Short) Design 2 & 3 Animal (White/bl', 3, '2/24/2018', '1.40', '1.68'),
(9, 'Collection A (Short) Design 2 & 3 Animal (Brown Be', 7, '2/24/2018', '1.40', '1.68'),
(10, 'Collection A (Short) Design 2 & 3 Animal (Grey Mou', 14, '2/24/2018', '1.40', '1.68'),
(11, 'Collection A (Short) Design 2 & 3 Animal (Pink Owl', 8, '2/24/2018', '1.40', '1.68'),
(12, 'Collection A (Short) Design 2 & 3 Animal (Blue Fox', 36, '2/24/2018', '1.40', '1.68'),
(13, 'Collection A Design 4 Hello Kitty(White Tip)', 2, '2/24/2018', '1.40', '1.68'),
(14, 'Collection A Design 4 Hello Kitty(Blue Tip)', 6, '2/24/2018', '1.40', '1.68'),
(15, 'Collection A Design 4 Hello Kitty(PinkTip)', 4, '2/24/2018', '1.40', '1.68'),
(16, 'Collection A Design 4 Hello Kitty(Black Tip)', 4, '2/24/2018', '1.40', '1.68'),
(17, 'Collection A Design 5 Cactus(Yellow)', 3, '2/24/2018', '1.40', '1.68'),
(18, 'Collection A Design 5 Cactus(Purple)', 4, '2/24/2018', '1.40', '1.68'),
(19, 'Collection A Design 5 Cactus(Grey)', 16, '2/24/2018', '1.40', '1.68'),
(20, 'Collection A Design 5 Cactus(White)', 30, '2/24/2018', '1.40', '1.68'),
(21, 'Collection A Design 5 Cactus(Blue)', 4, '2/24/2018', '1.40', '1.68'),
(22, 'Collection A Design 6 Doggies(Purple)', 9, '2/24/2018', '1.40', '1.68'),
(23, 'Collection A Design 6 Doggies(Blue)', 3, '2/24/2018', '1.40', '1.68'),
(24, 'Collection A Design 6 Doggies(Dark Brown)', 6, '2/24/2018', '1.40', '1.68'),
(25, 'Collection A Design 6 Doggies(Nude)', 8, '2/24/2018', '1.40', '1.68'),
(26, 'Collection A Design 6 Doggies(Grey)', 7, '2/24/2018', '1.40', '1.68'),
(27, 'Collection A Design 7 Multi hearts(Dots)', 13, '2/24/2018', '1.40', '1.68'),
(28, 'Collection A Design 7 Multi hearts(Stripes)', 2, '2/24/2018', '1.40', '1.68'),
(29, 'Collection A Design 7 Multi hearts(Heart Stripes)', 51, '2/24/2018', '1.40', '1.68'),
(30, 'Collection A Design 8 Paw Friends(White)', 1, '2/24/2018', '1.40', '1.68'),
(31, 'Collection A Design 8 Paw Friends(Blue)', 2, '2/24/2018', '1.40', '1.68'),
(32, 'Collection A Design 8 Paw Friends(Pink)', 0, '2/24/2018', '1.40', '1.68'),
(33, 'Collection A Design 8 Paw Friends(Grey)', 1, '2/24/2018', '1.40', '1.68'),
(34, 'Collection A Design 8 Paw Friends(Brown)', 3, '2/24/2018', '1.40', '1.68'),
(35, 'Collection A Design 9 Pastel Lines(Grey)', 1, '2/24/2018', '1.40', '1.68'),
(36, 'Collection A Design 9 Pastel Lines(Brown Bear)', 4, '2/24/2018', '1.40', '1.68'),
(37, 'Collection A Design 9 Pastel Lines(Blue)', 0, '2/24/2018', '1.40', '1.68'),
(38, 'Collection A Design 9 Pastel Lines(Green)', 3, '2/24/2018', '1.40', '1.68'),
(39, 'Collection A Design 9 Pastel Lines(Grey)', 0, '2/24/2018', '1.40', '1.68'),
(40, 'Collection A Design 10 Zoo party(Blue Penguine)', 5, '2/24/2018', '1.40', '1.68'),
(41, 'Collection A Design 10 Zoo party(Green Bear)', 2, '2/24/2018', '1.40', '1.68'),
(42, 'Collection A Design 10 Zoo party(Nude Tiger)', 35, '2/24/2018', '1.40', '1.68'),
(43, 'Collection A Design 10 Zoo party(Navy Mouse)', 3, '2/24/2018', '1.40', '1.68'),
(44, 'Collection A Design 10 Zoo party(Red Panda)', 2, '2/24/2018', '1.40', '1.68'),
(45, 'Collection A Design 10 Zoo party(Brown Pig)', 13, '2/24/2018', '1.40', '1.68'),
(46, 'Collection A Design 11 Buffet(Food)', 33, '2/24/2018', '1.40', '1.68'),
(47, 'Collection A Design 11 Buffet(Donut)', 51, '2/24/2018', '1.40', '1.68'),
(48, 'Collection A Design 11 Buffet(Sushi)', 2, '2/24/2018', '1.40', '1.68'),
(49, 'Collection A Design 11 Buffet(Fruits)', 0, '2/24/2018', '1.40', '1.68'),
(50, 'Collection A Design 11 Buffet(Ice Cream_RED)', 30, '2/24/2018', '1.40', '1.68'),
(51, 'Collection A Design 12 Friends(Chick)', 1, '2/24/2018', '1.40', '1.68'),
(52, 'Collection A Design 12 Friends(Frog)', 3, '2/24/2018', '1.40', '1.68'),
(53, 'Collection A Design 12 Friends(Light Pink Cat)', 3, '2/24/2018', '1.40', '1.68'),
(54, 'Collection A Design 12 Friends(Darker Pink Cat)', 4, '2/24/2018', '1.40', '1.68'),
(55, 'Collection A Design 13 Smiley(Black)', 14, '2/24/2018', '1.40', '1.68'),
(56, 'Collection A Design 13 Smiley(Grey)', 7, '2/24/2018', '1.40', '1.68'),
(57, 'Collection A Design 13 Smiley(White)', 0, '2/24/2018', '1.40', '1.68'),
(58, 'Collection A Design 13 Smiley(Pink)', 0, '2/24/2018', '1.40', '1.68'),
(59, 'Collection A Design 13 Smiley(Beigh)', 2, '2/24/2018', '1.40', '1.68'),
(60, 'Collection A Design 14 Puppies(Purple)', 11, '2/24/2018', '1.40', '1.68'),
(61, 'Collection A Design 14 Puppies(Green)', 9, '2/24/2018', '1.40', '1.68'),
(62, 'Collection A Design 14 Puppies(Pink)', 8, '2/24/2018', '1.40', '1.68'),
(63, 'Collection A Design 14 Puppies(Blue)', 5, '2/24/2018', '1.40', '1.68'),
(64, 'Collection A Design 14 Puppies(Grey)', 3, '2/24/2018', '1.40', '1.68'),
(65, 'Collection A Design 15 Desserts(Sushi)', 1, '2/24/2018', '1.40', '1.68'),
(66, 'Collection A Design 15 Desserts(Donut)', 8, '2/24/2018', '1.40', '1.68'),
(67, 'Collection A Design 15 Desserts(Milk)', 0, '2/24/2018', '1.40', '1.68'),
(68, 'Collection A Design 15 Desserts(Lemon)', 2, '2/24/2018', '1.40', '1.68'),
(69, 'Collection A Design 16 Tsum Tsum(Mickey)', 5, '2/24/2018', '1.40', '1.68'),
(70, 'Collection A Design 16 Tsum Tsum(Minnie)', 0, '2/24/2018', '1.40', '1.68'),
(71, 'Collection A Design 16 Tsum Tsum(Winnie)', 54, '2/24/2018', '1.40', '1.68'),
(72, 'Collection A Design 16 Tsum Tsum(Dumbo)', 51, '2/24/2018', '1.40', '1.68'),
(73, 'Collection A Design 16 Tsum Tsum(Donald)', 59, '2/24/2018', '1.40', '1.68'),
(74, 'Collection A Design 16 Tsum Tsum(Daisy)', 51, '2/24/2018', '1.40', '1.68'),
(75, 'Collection A Design 17 Lil Animals(Grey Bear)', 27, '2/24/2018', '1.40', '1.68'),
(76, 'Collection A Design 17 Lil Animals(Brown Bear)', 16, '2/24/2018', '1.40', '1.68'),
(77, 'Collection A Design 17 Lil Animals(Pink)', 4, '2/24/2018', '1.40', '1.68'),
(78, 'Collection A Design 17 Lil Animals(Yellow Chick)', 62, '2/24/2018', '1.40', '1.68'),
(79, 'Collection A Design 18 Lil Animals 2(Black Bird)', 34, '2/24/2018', '1.40', '1.68'),
(80, 'Collection A Design 18 Lil Animals 2(Brown Bear)', 29, '2/24/2018', '1.40', '1.68'),
(81, 'Collection A Design 18 Lil Animals 2(Blue Bird)', 1, '2/24/2018', '1.40', '1.68'),
(82, 'Collection A Design 18 Lil Animals 2(Yellow Chick ', 78, '2/24/2018', '1.40', '1.68'),
(83, 'Collection A Design 19 Rabbit(Blue Stripes)', 16, '2/24/2018', '1.40', '1.68'),
(84, 'Collection A Design 19 Rabbit(Pink White Stripes)', 13, '2/24/2018', '1.40', '1.68'),
(85, 'Collection A Design 19 Rabbit(Pink Dots)', 28, '2/24/2018', '1.40', '1.68'),
(86, 'Collection A Design 20 Greedy Hands(Marcoons)', 13, '2/24/2018', '1.40', '1.68'),
(87, 'Collection A Design 20 Greedy Hands(Drumstick)', 13, '2/24/2018', '1.40', '1.68'),
(88, 'Collection A Design 20 Greedy Hands(Donut)', 10, '2/24/2018', '1.40', '1.68'),
(89, 'Collection A Design 20 Greedy Hands(Pizza)', 2, '2/24/2018', '1.40', '1.68'),
(90, 'Collection A Design 20 Greedy Hands(Cat Food)', 20, '2/24/2018', '1.40', '1.68'),
(91, 'Collection B Design 1 Hungry Pets(Monkey)', 43, '2/24/2018', '1.40', '1.68'),
(92, 'Collection B Design 1 Hungry Pets(Mouse)', 12, '2/24/2018', '1.40', '1.68'),
(93, 'Collection B Design 1 Hungry Pets(Dog)', 9, '2/24/2018', '1.40', '1.68'),
(94, 'Collection B Design 1 Hungry Pets(Rabbit)', 7, '2/24/2018', '1.40', '1.68'),
(95, 'Collection B Design 1 Hungry Pets(Cat)', 3, '2/24/2018', '1.40', '1.68'),
(96, 'Collection B Design 2 Sweet Things(Brown base Cact', 1, '2/24/2018', '1.40', '1.68'),
(97, 'Collection B Design 2 Sweet Things(Watermelon Pink', 0, '2/24/2018', '1.40', '1.68'),
(98, 'Collection B Design 2 Sweet Things(Chick White)', 16, '2/24/2018', '1.40', '1.68'),
(99, 'Collection B Design 2 Sweet Things(Elephant White)', 9, '2/24/2018', '1.40', '1.68'),
(100, 'Collection B Design 3 Grumpy Kittens(Blue)', 2, '2/24/2018', '1.40', '1.68'),
(101, 'Collection B Design 3 Grumpy Kittens(White)', 1, '2/24/2018', '1.40', '1.68'),
(102, 'Collection B Design 3 Grumpy Kittens(Nude)', 8, '2/24/2018', '1.40', '1.68'),
(103, 'Collection B Design 3 Grumpy Kittens(Pink)', 8, '2/24/2018', '1.40', '1.68'),
(104, 'Collection B Design 3 Grumpy Kittens(Grey)', 17, '2/24/2018', '1.40', '1.68'),
(105, 'Collection B Design 4 Grumpy Doggies(Grey)', 2, '2/24/2018', '1.40', '1.68'),
(106, 'Collection B Design 4 Grumpy Doggies(Blue)', 12, '2/24/2018', '1.40', '1.68'),
(107, 'Collection B Design 4 Grumpy Doggies(Pink)', 6, '2/24/2018', '1.40', '1.68'),
(108, 'Collection B Design 4 Grumpy Doggies(White)', 3, '2/24/2018', '1.40', '1.68'),
(109, 'Collection B Design 4 Grumpy Doggies(Brown)', 4, '2/24/2018', '1.40', '1.68'),
(110, 'Collection B Design 5 Sheep(Blue)', 2, '2/24/2018', '1.40', '1.68'),
(111, 'Collection B Design 5 Sheep(Green)', 15, '2/24/2018', '1.40', '1.68'),
(112, 'Collection B Design 5 Sheep(Blue)', 7, '2/24/2018', '1.40', '1.68'),
(113, 'Collection B Design 6 Milk Cow(Brown Cow)', 2, '2/24/2018', '1.40', '1.68'),
(114, 'Collection B Design 6 Milk Cow(White Cow)', 4, '2/24/2018', '1.40', '1.68'),
(115, 'Collection B Design 6 Milk Cow(Pink Cow)', 6, '2/24/2018', '1.40', '1.68'),
(116, 'Collection B Design 7 Chicks(Pink)', 4, '2/24/2018', '1.40', '1.68'),
(117, 'Collection B Design 7 Chicks(White)', 1, '2/24/2018', '1.40', '1.68'),
(118, 'Collection B Design 7 Chicks(Grey)', 8, '2/24/2018', '1.40', '1.68'),
(119, 'Collection B Design 8 Owls(Blue)', 4, '2/24/2018', '1.40', '1.68'),
(120, 'Collection B Design 8 Owls(Pink)', 37, '2/24/2018', '1.40', '1.68'),
(121, 'Collection B Design 8 Owls(White)', 23, '2/24/2018', '1.40', '1.68'),
(122, 'Collection B Design 9 Animal Part II(Pink Fox)', 7, '2/24/2018', '1.40', '1.68'),
(123, 'Collection B Design 9 Animal Part II(Brown Fox)', 9, '2/24/2018', '1.40', '1.68'),
(124, 'Collection B Design 9 Animal Part II(Panda)', 10, '2/24/2018', '1.40', '1.68'),
(125, 'Collection B Design 9 Animal Part II(Grey Dotted F', 7, '2/24/2018', '1.40', '1.68'),
(126, 'Collection B Design 10 Shocked(Brown Dog)', 22, '2/24/2018', '1.40', '1.68'),
(127, 'Collection B Design 10 Shocked(Grey Cat)', 2, '2/24/2018', '1.40', '1.68'),
(128, 'Collection B Design 10 Shocked(White Cat)', 7, '2/24/2018', '1.40', '1.68'),
(129, 'Collection B Design 10 Shocked(Black Dog)', 12, '2/24/2018', '1.40', '1.68'),
(130, 'Collection B Design 10 Shocked(Nude Dog)', 13, '2/24/2018', '1.40', '1.68'),
(131, 'Collection B Design 11 Totoro(Brown)', 15, '2/24/2018', '1.40', '1.68'),
(132, 'Collection B Design 11 Totoro(Grey)', 0, '2/24/2018', '1.40', '1.68'),
(133, 'Collection B Design 11 Totoro(White)', 26, '2/24/2018', '1.40', '1.68'),
(134, 'Collection B Design 12 Hello Panda(Blue)', 2, '2/24/2018', '1.40', '1.68'),
(135, 'Collection B Design 12 Hello Panda(Grey)', 3, '2/24/2018', '1.40', '1.68'),
(136, 'Collection B Design 12 Hello Panda(White)', 5, '2/24/2018', '1.40', '1.68'),
(137, 'Collection B Design 13 Sesame Street(Green Face)', 4, '2/24/2018', '1.40', '1.68'),
(138, 'Collection B Design 13 Sesame Street(Yellow Face)', 8, '2/24/2018', '1.40', '1.68'),
(139, 'Collection B Design 13 Sesame Street(Blue Face)', 2, '2/24/2018', '1.40', '1.68'),
(140, 'Collection B Design 13 Sesame Street(Elmo)', 1, '2/24/2018', '1.40', '1.68'),
(141, 'Collection B Design 13 Sesame Street(Orange Face)', 8, '2/24/2018', '1.40', '1.68'),
(142, 'Collection B Design 14 The Pears(Pink)', 8, '2/24/2018', '1.40', '1.68'),
(143, 'Collection B Design 14 The Pears(White)', 2, '2/24/2018', '1.40', '1.68'),
(144, 'Collection B Design 14 The Pears(Green)', 0, '2/24/2018', '1.40', '1.68'),
(145, 'Collection B Design 15 Forest 2 (Grey sheep)', 2, '2/24/2018', '1.40', '1.68'),
(146, 'Collection B Design 15 Forest 2 (Pink Rabbit)', 2, '2/24/2018', '1.40', '1.68'),
(147, 'Collection B Design 15 Forest 2 (Brown Bear)', 3, '2/24/2018', '1.40', '1.68'),
(148, 'Collection B Design 15 Forest 2 (Blue Rabbit)', 6, '2/24/2018', '1.40', '1.68'),
(149, 'Collection B Design 15 Forest 2 (Small Goldfish)', 4, '2/24/2018', '1.40', '1.68'),
(150, 'Collection B Design 16 Japan Design (BigGoldfish)', 1, '2/24/2018', '1.40', '1.68'),
(151, 'Collection B Design 16 Japan Design (Fortune Cat)', 6, '2/24/2018', '1.40', '1.68'),
(152, 'Collection B Design 16 Japan Design (Shui)', 5, '2/24/2018', '1.40', '1.68'),
(153, 'Collection B Design 16 Japan Design (Sushi Fiesta)', 12, '2/24/2018', '1.40', '1.68'),
(154, 'Collection B Design 17 Statement Socks (Stars)', 0, '2/24/2018', '1.40', '1.68'),
(155, 'Collection B Design 17 Statement Socks (Death)', 1, '2/24/2018', '1.40', '1.68'),
(156, 'Collection B Design 17 Statement Socks (Space)', 2, '2/24/2018', '1.40', '1.68'),
(157, 'Collection B Design 17 Statement Socks (Hearts)', 1, '2/24/2018', '1.40', '1.68'),
(158, 'Collection B Design 17 Statement Socks (Diamonds)', 1, '2/24/2018', '1.40', '1.68'),
(159, 'Collection B Design 18 Pastel Kittens (Green)', 31, '2/24/2018', '1.40', '1.68'),
(160, 'Collection B Design 18 Pastel Kittens (Pink)', 21, '2/24/2018', '1.40', '1.68'),
(161, 'Collection B Design 18 Pastel Kittens (Blue)', 36, '2/24/2018', '1.40', '1.68'),
(162, 'Collection B Design 19 Cupcakes (Blue Base)', 7, '2/24/2018', '1.40', '1.68'),
(163, 'Collection B Design 19 Cupcakes (White Base Green ', 14, '2/24/2018', '1.40', '1.68'),
(164, 'Collection B Design 19 Cupcakes (Pink Base)', 8, '2/24/2018', '1.40', '1.68'),
(165, 'Collection B Design 19 Cupcakes (White Base Pink C', 8, '2/24/2018', '1.40', '1.68'),
(166, 'Collection B Design 20 Owls (Orange Owl)', 11, '2/24/2018', '1.40', '1.68'),
(167, 'Collection B Design 20 Owls (Blue Owl)', 14, '2/24/2018', '1.40', '1.68'),
(168, 'Collection B Design 20 Owls (Brown Owl Pink Base)', 7, '2/24/2018', '1.40', '1.68'),
(169, 'Collection B Design 20 Owls (Pink Owl Grey Base)', 4, '2/24/2018', '1.40', '1.68'),
(170, 'Collection B Design 20 Owls (GreenOwl)', 2, '2/24/2018', '1.40', '1.68'),
(171, 'Collection C Design 1 Plushie (Grey)', 7, '2/24/2018', '1.40', '1.68'),
(172, 'Collection C Design 1 Plushie (Dark Grey)', 12, '2/24/2018', '1.40', '1.68'),
(173, 'Collection C Design 1 Plushie (Blue Face)', 6, '2/24/2018', '1.40', '1.68'),
(174, 'Collection C Design 1 Plushie (Brown)', 0, '2/24/2018', '1.40', '1.68'),
(175, 'Collection C Design 1 Plushie (Pink)', 10, '2/24/2018', '1.40', '1.68'),
(176, 'Collection C Design 2 Melody x hello kitty (Melody', 4, '2/24/2018', '1.40', '1.68'),
(177, 'Collection C Design 2 Melody x hello kitty (Hello ', 2, '2/24/2018', '1.40', '1.68'),
(178, 'Basic A Design 1 & 2 Women Invisable (Black)', 77, '2/24/2018', '1.40', '1.19'),
(179, 'Basic A Design 1 & 2 Women Invisable (Grey)', 155, '2/24/2018', '1.40', '1.19'),
(180, 'Basic A Design 1 & 2 Women Invisable (Green)', 14, '2/24/2018', '1.40', '1.19'),
(181, 'Basic A Design 1 & 2 Women Invisable (Orange)', 22, '2/24/2018', '1.40', '1.19'),
(182, 'Basic A Design 1 & 2 Women Invisable (Pink)', 55, '2/24/2018', '1.40', '1.19'),
(183, 'Basic A Design 1 & 2 Women Invisable (Nude)', 146, '2/24/2018', '1.40', '1.19'),
(184, 'Basic A Design 1 & 2 Women Invisable (Blue)', 17, '2/24/2018', '1.40', '1.19'),
(185, 'Basic A Design 1 & 2 Women Invisable (White)', 4, '2/24/2018', '1.40', '1.19'),
(186, 'Basic A Design 1 & 2 Women Invisable (Yellow)', 18, '2/24/2018', '1.40', '1.19'),
(187, 'Basic A Design 1 & 2 Women Invisable (Hot Pink)', 18, '2/24/2018', '1.40', '1.19'),
(188, 'Basic A Design 3 Basic Invisable (Grey)', 27, '2/24/2018', '1.40', '1.49'),
(189, 'Basic A Design 3 Basic Invisable (Blue)', 30, '2/24/2018', '1.40', '1.49'),
(190, 'Basic A Design 3 Basic Invisable (Black)', 1, '2/24/2018', '1.40', '1.49'),
(191, 'Basic A Design 3 Basic Invisable (Dark Grey)', 28, '2/24/2018', '1.40', '1.49'),
(192, 'Basic A Design 3 Basic Invisable (Brown)', 5, '2/24/2018', '1.40', '1.49'),
(193, 'Basic A Design 4 Bamboo Short (Navy)', 32, '2/24/2018', '1.40', '1.49'),
(194, 'Basic A Design 4 Bamboo Short (White)', 30, '2/24/2018', '1.40', '1.49'),
(195, 'Basic A Design 4 Bamboo Short (Black)', 6, '2/24/2018', '1.40', '1.49'),
(196, 'Basic A Design 4 Bamboo Short (Charcoal)', 22, '2/24/2018', '1.40', '1.49'),
(197, 'Basic A Design 4 Bamboo Short (Grey)', 43, '2/24/2018', '1.40', '1.49'),
(198, 'Basic A Design 5 - Bamboo Long (Navy Grey)', 18, '2/24/2018', '1.40', '1.68'),
(199, 'Basic A Design 5 - Bamboo Long (Black)', 62, '2/24/2018', '1.40', '1.68'),
(200, 'Basic A Design 5 - Bamboo Long (Light Grey)', 42, '2/24/2018', '1.40', '1.68'),
(201, 'Basic A Design 5 - Bamboo Long (Navy)', 72, '2/24/2018', '1.40', '1.68'),
(202, 'Basic A Design 5 - Bamboo Long (Charcoal)', 22, '2/24/2018', '1.40', '1.68'),
(203, 'Basic A Design 6 Performance (Black)', 2, '2/24/2018', '1.40', '1.68'),
(204, 'Basic A Design 6 Performance (Maroon)', 14, '2/24/2018', '1.40', '1.68'),
(205, 'Basic A Design 6 Performance (Yellow)', 18, '2/24/2018', '1.40', '1.68'),
(206, 'Basic A Design 6 Performance (Green)', 16, '2/24/2018', '1.40', '1.68'),
(207, 'Basic A Design 6 Performance (Blue)', 1, '2/24/2018', '1.40', '1.68'),
(208, 'Basic A Design 7 Sleeping Socks (Dark Green)', 26, '2/24/2018', '1.40', '1.68'),
(209, 'Basic A Design 7 Sleeping Socks (Purple)', 11, '2/24/2018', '1.40', '1.68'),
(210, 'Basic A Design 7 Sleeping Socks (Green)', 31, '2/24/2018', '1.40', '1.68'),
(211, 'Basic A Design 7 Sleeping Socks (Pink)', 20, '2/24/2018', '1.40', '1.68'),
(212, 'Basic A Design 7 Sleeping Socks (Orange)', 26, '2/24/2018', '1.40', '1.68'),
(213, 'Basic A Design 8 Basic Colors (Pink)', 6, '2/24/2018', '1.40', '1.68'),
(214, 'Basic A Design 8 Basic Colors (Black)', 8, '2/24/2018', '1.40', '1.68'),
(215, 'Basic A Design 8 Basic Colors (Yellow)', 2, '2/24/2018', '1.40', '1.68'),
(216, 'Basic A Design 8 Basic Colors (Grey)', 1, '2/24/2018', '1.40', '1.68'),
(217, 'Basic A Design 8 Basic Colors (Green)', 5, '2/24/2018', '1.40', '1.68'),
(218, 'Basic A Design 8 Basic Colors (Nude)', 1, '2/24/2018', '1.40', '1.68'),
(219, 'Basic A Design 8 Basic Colors (White)', 4, '2/24/2018', '1.40', '1.68'),
(220, 'Basic A Design 9 Stripes (White stripe)', 3, '2/24/2018', '1.40', '0.79'),
(221, 'Basic A Design 9 Stripes (Blue stripe)', 9, '2/24/2018', '1.40', '0.79'),
(222, 'Basic A Design 9 Stripes (Red Black stripe)', 10, '2/24/2018', '1.40', '0.79'),
(223, 'Basic A Design 9 Stripes (Black stripe)', 13, '2/24/2018', '1.40', '0.79'),
(224, 'Basic A Design 10 Sports (Navy)', 10, '2/24/2018', '1.40', '1.49'),
(225, 'Basic A Design 10 Sports (Turqious)', 18, '2/24/2018', '1.40', '1.49'),
(226, 'Basic A Design 10 Sports (Orange)', 4, '2/24/2018', '1.40', '1.49'),
(227, 'Basic A Design 10 Sports (Green)', 26, '2/24/2018', '1.40', '1.49'),
(228, 'Basic A Design 10 Sports (Maroon)', 24, '2/24/2018', '1.40', '1.49'),
(229, 'Basic A Design 11 Boat Socks (Grey)', 2, '2/24/2018', '1.40', '1.49'),
(230, 'Basic A Design 11 Boat Socks (Navy)', 1, '2/24/2018', '1.40', '1.49'),
(231, 'Basic A Design 11 Boat Socks (White)', 14, '2/24/2018', '1.40', '1.49'),
(232, 'Basic A Design 11 Boat Socks (Charcoal)', 4, '2/24/2018', '1.40', '1.49'),
(233, 'Basic A Design 11 Boat Socks (Black)', 1, '2/24/2018', '1.40', '1.49'),
(234, 'Basic A Design 12 Toe Socks (White)', 8, '2/24/2018', '1.40', '1.68'),
(235, 'Basic A Design 12 Toe Socks (Grey)', 4, '2/24/2018', '1.40', '1.68'),
(236, 'Basic A Design 12 Toe Socks (Charcoal)', 8, '2/24/2018', '1.40', '1.68'),
(237, 'Basic A Design 12 Toe Socks (Dark Grey)', 2, '2/24/2018', '1.40', '1.68'),
(238, 'Basic A Design 12 Toe Socks (Navy)', 2, '2/24/2018', '1.40', '1.68'),
(239, 'Basic A Design 12 Toe Socks (Black)', 9, '2/24/2018', '1.40', '1.68'),
(240, 'Basic A Design 13 2 Tones (Navy Red Heel)', 3, '2/24/2018', '1.40', '1.68'),
(241, 'Basic A Design 13 2 Tones (Grey Blue Heel)', 9, '2/24/2018', '1.40', '1.68'),
(242, 'Basic A Design 13 2 Tones (White Red Heel)', 6, '2/24/2018', '1.40', '1.68'),
(243, 'Basic A Design 13 2 Tones (Navy White Heel)', 1, '2/24/2018', '1.40', '1.68'),
(244, 'Basic A Design 13 2 Tones (Charcoal Grey Heel)', 1, '2/24/2018', '1.40', '1.68'),
(245, 'Basic A Design 14 Strippy (Navy)', 3, '2/24/2018', '1.40', '1.68'),
(246, 'Basic A Design 14 Strippy (Charcoal)', 25, '2/24/2018', '1.40', '1.68'),
(247, 'Basic A Design 14 Strippy (Yellow)', 2, '2/24/2018', '1.40', '1.68'),
(248, 'Basic A Design 14 Strippy (Red)', 1, '2/24/2018', '1.40', '1.68'),
(249, 'Basic A Design 14 Strippy (Black)', 36, '2/24/2018', '1.40', '1.68'),
(250, 'Basic A Design 15 Multi Stripes Ankle (Black)', 2, '2/24/2018', '1.40', '1.68'),
(251, 'Basic A Design 15 Multi Stripes Ankle (Green)', 8, '2/24/2018', '1.40', '1.68'),
(252, 'Basic A Design 15 Multi Stripes Ankle (Grey)', 4, '2/24/2018', '1.40', '1.68'),
(253, 'Basic A Design 15 Multi Stripes Ankle (Brown)', 7, '2/24/2018', '1.40', '1.68'),
(254, 'Basic A Design 15 Multi Stripes Ankle (Red)', 3, '2/24/2018', '1.40', '1.68'),
(255, 'Basic A Design 16 2 Stripes (Black)', 1, '2/24/2018', '1.40', '1.68'),
(256, 'Basic A Design 16 2 Stripes (White)', 1, '2/24/2018', '1.40', '1.68'),
(257, 'Basic A Design 16 2 Stripes (Blue)', 17, '2/24/2018', '1.40', '1.68'),
(258, 'Basic A Design 16 2 Stripes (Brown)', 19, '2/24/2018', '1.40', '1.68'),
(259, 'Basic A Design 16 2 Stripes (Pink)', 12, '2/24/2018', '1.40', '1.68'),
(260, 'Basic A Design 17 Lines (Red Lines)', 39, '2/24/2018', '1.40', '1.49'),
(261, 'Basic A Design 17 Lines (Grey Lines)', 24, '2/24/2018', '1.40', '1.49'),
(262, 'Basic A Design 17 Lines (Blue Lines)', 29, '2/24/2018', '1.40', '1.49'),
(263, 'Basic A Design 17 Lines (Green Lines)', 36, '2/24/2018', '1.40', '1.49'),
(264, 'Basic A Design 18 3 Bars (Black)', 71, '2/24/2018', '1.40', '1.49'),
(265, 'Basic A Design 18 3 Bars (Grey)', 95, '2/24/2018', '1.40', '1.49'),
(266, 'Basic A Design 18 3 Bars (White)', 86, '2/24/2018', '1.40', '1.49'),
(267, 'Basic A Design 19 Happy Ankle Socks (White)', 36, '2/24/2018', '1.40', '1.49'),
(268, 'Basic A Design 19 Happy Ankle Socks (Grey)', 30, '2/24/2018', '1.40', '1.49'),
(269, 'Basic A Design 19 Happy Ankle Socks (Pink)', 31, '2/24/2018', '1.40', '1.49'),
(270, 'Basic A Design 19 Happy Ankle Socks (Light Blue)', 35, '2/24/2018', '1.40', '1.49'),
(271, 'Basic A Design 20 Triples (Black base)', 1, '2/24/2018', '1.40', '1.68'),
(272, 'Basic A Design 20 Triples (Recycle base)', 6, '2/24/2018', '1.40', '1.68'),
(273, 'Basic A Design 20 Triples (Grey base)', 14, '2/24/2018', '1.40', '1.68'),
(274, 'Basic A Design 20 Triples (Maroonbase)', 1, '2/24/2018', '1.40', '1.68'),
(275, 'Basic A Design 20 Triples (Whitebase)', 3, '2/24/2018', '1.40', '1.68'),
(276, 'Basic A Design 20 Triples (Blue base)', 2, '2/24/2018', '1.40', '1.68'),
(277, 'Basic B Design 1 Thin Stripes (Blue lines)', 11, '2/24/2018', '1.40', '1.68'),
(278, 'Basic B Design 1 Thin Stripes (Maroon lines)', 8, '2/24/2018', '1.40', '1.68'),
(279, 'Basic B Design 1 Thin Stripes (Green lines)', 10, '2/24/2018', '1.40', '1.68'),
(280, 'Basic B Design 1 Thin Stripes (Black lines)', 10, '2/24/2018', '1.40', '1.68'),
(281, 'Basic B Design 1 Thin Stripes (Brown lines)', 11, '2/24/2018', '1.40', '1.68'),
(282, 'Basic B Design 2 Street Rainbows ()', 1, '2/24/2018', '1.40', '1.68'),
(283, 'Basic B Design 2 Street Rainbows ()', 1, '2/24/2018', '1.40', '1.68'),
(284, 'Basic B Design 2 Street Rainbows ()', 2, '2/24/2018', '1.40', '1.68'),
(285, 'Basic B Design 3 Sleeping Socks 2 (Blue Base)', 7, '2/24/2018', '1.40', '1.68'),
(286, 'Basic B Design 3 Sleeping Socks 2 (Yellow Base)', 7, '2/24/2018', '1.40', '1.68'),
(287, 'Basic B Design 3 Sleeping Socks 2 (Red Base)', 8, '2/24/2018', '1.40', '1.68'),
(288, 'Basic B Design 3 Sleeping Socks 2 (Green Base)', 9, '2/24/2018', '1.40', '1.68'),
(289, 'Basic B Design 3 Sleeping Socks 2 (Pink Base)', 10, '2/24/2018', '1.40', '1.68'),
(290, 'Basic B Design 4 Thick Stripes (Blue Stripes)', 0, '2/24/2018', '1.40', '1.68'),
(291, 'Basic B Design 4 Thick Stripes (GreenStripes)', 0, '2/24/2018', '1.40', '1.68'),
(292, 'Basic B Design 4 Thick Stripes (Brown Stripes)', 0, '2/24/2018', '1.40', '1.68'),
(293, 'Basic B Design 4 Thick Stripes (Black Stripes)', 0, '2/24/2018', '1.40', '1.68'),
(294, 'Basic B Design 4 Thick Stripes (Red Stripes)', 0, '2/24/2018', '1.40', '1.68'),
(295, 'Basic B Design 5 Street Stripes (Green Red)', 0, '2/24/2018', '1.40', '1.68'),
(296, 'Basic B Design 5 Street Stripes (Blue Red)', 0, '2/24/2018', '1.40', '1.68'),
(297, 'Basic B Design 5 Street Stripes (Black Black)', 0, '2/24/2018', '1.40', '1.68'),
(298, 'Basic B Design 5 Street Stripes (Red White)', 0, '2/24/2018', '1.40', '1.68'),
(299, 'Basic B Design 5 Street Stripes (White White)', 0, '2/24/2018', '1.40', '1.68'),
(300, 'Baby A Design 1 Baby animal (Chicks)', 7, '2/24/2018', '1.40', '1.68'),
(301, 'Baby A Design 1 Baby animal (Walrus)', 19, '2/24/2018', '1.40', '1.68'),
(302, 'Baby A Design 1 Baby animal (Seal)', 3, '2/24/2018', '1.40', '1.68'),
(303, 'Baby A Design 1 Baby animal (White polar bear)', 0, '2/24/2018', '1.40', '1.68'),
(304, 'Baby A Design 1 Baby animal (Pig)', 19, '2/24/2018', '1.40', '1.68'),
(305, 'Baby A Design 1 Baby animal (Monkey)', 7, '2/24/2018', '1.40', '1.68'),
(306, 'Baby A Design 1 Baby animal (Tiger)', 4, '2/24/2018', '1.40', '1.68'),
(307, 'Baby A Design 1 Baby animal (Green Duck)', 24, '2/24/2018', '1.40', '1.68'),
(308, 'Baby A Design 2 Paw Prints (Pink)', 12, '2/24/2018', '1.40', '1.68'),
(309, 'Baby A Design 2 Paw Prints (Grey)', 15, '2/24/2018', '1.40', '1.68'),
(310, 'Baby A Design 3 Girl/Boy (Girl)', 1, '2/24/2018', '1.40', '1.68'),
(311, 'Baby A Design 3 Girl/Boy (Boy)', 3, '2/24/2018', '1.40', '1.68'),
(312, 'Baby A Design 4 Bear Socks (Grey Bear)', 3, '2/24/2018', '1.40', '1.68'),
(313, 'Baby A Design 4 Bear Socks (White Bear)', 1, '2/24/2018', '1.40', '1.68'),
(314, 'Baby A Design 4 Bear Socks (Pink Owl)', 16, '2/24/2018', '1.40', '1.68'),
(315, 'Baby A Design 5 Baby Multi Hearts (Light grey pand', 15, '2/24/2018', '1.40', '1.68'),
(316, 'Baby A Design 5 Baby Multi Hearts (Dark Grey fox)', 13, '2/24/2018', '1.40', '1.68'),
(317, 'Baby A Design 5 Baby Multi Hearts (White red ears)', 14, '2/24/2018', '1.40', '1.68'),
(318, 'Baby A Design 5 Baby Multi Hearts (Light grey bear', 19, '2/24/2018', '1.40', '1.68'),
(319, 'Baby A Design 5 Baby Multi Hearts (Brown Dog)', 19, '2/24/2018', '1.40', '1.68'),
(320, 'Baby A Design 6 Winter (Polar Bear)', 3, '2/24/2018', '1.40', '1.68'),
(321, 'Baby A Design 6 Winter (Penguine)', 2, '2/24/2018', '1.40', '1.68'),
(322, 'Baby A Design 6 Winter (Fox)', 2, '2/24/2018', '1.40', '1.68'),
(323, 'Baby A Design 7 Big Eyes (Blue Yellow Nose)', 19, '2/24/2018', '1.40', '1.68'),
(324, 'Baby A Design 7 Big Eyes (Grey Red Nose)', 20, '2/24/2018', '1.40', '1.68'),
(325, 'Baby A Design 7 Big Eyes (Yellow Orange Nose)', 19, '2/24/2018', '1.40', '1.68'),
(326, 'Baby A Design 7 Big Eyes (Pink Yellow Nose)', 21, '2/24/2018', '1.40', '1.68'),
(327, 'Baby A Design 7 Big Eyes (Blue no nose)', 18, '2/24/2018', '1.40', '1.68'),
(328, 'Baby A Design 8 Paw II (Grey Paws)', 11, '2/24/2018', '1.40', '1.68'),
(329, 'Baby A Design 8 Paw II (Brown Paws)', 11, '2/24/2018', '1.40', '1.68'),
(330, 'Baby A Design 9 Baby Pandas (Blue Stripes)', 17, '2/24/2018', '1.40', '1.68'),
(331, 'Baby A Design 9 Baby Pandas (Dots)', 18, '2/24/2018', '1.40', '1.68'),
(332, 'Baby A Design 9 Baby Pandas (Plain)', 19, '2/24/2018', '1.40', '1.68'),
(333, 'Baby A Design 9 Baby Pandas (Red thin stripes)', 17, '2/24/2018', '1.40', '1.68'),
(334, 'Baby A Design 9 Baby Pandas ()', 14, '2/24/2018', '1.40', '1.68'),
(335, 'Baby A Design 10 Baby Line alike (Yellow)', 6, '2/24/2018', '1.40', '1.68'),
(336, 'Baby A Design 10 Baby Line alike (Green)', 8, '2/24/2018', '1.40', '1.68'),
(337, 'Baby A Design 10 Baby Line alike (Blue)', 11, '2/24/2018', '1.40', '1.68'),
(338, 'Baby A Design 10 Baby Line alike (Grey)', 5, '2/24/2018', '1.40', '1.68'),
(339, 'Baby A Design 10 Baby Line alike (Pink)', 10, '2/24/2018', '1.40', '1.68'),
(340, 'Baby A Design 11 Rabbit (Pink)', 4, '2/24/2018', '1.40', '1.68'),
(341, 'Baby A Design 11 Rabbit (Green)', 5, '2/24/2018', '1.40', '1.68'),
(342, 'Baby A Design 12 heros (Grey)', 0, '2/24/2018', '1.40', '1.68'),
(343, 'Baby A Design 12 heros (Blue)', 0, '2/24/2018', '1.40', '1.68'),
(344, 'Baby A Design 12 heros (White)', 0, '2/24/2018', '1.40', '1.68'),
(345, 'Baby A Design 12 heros (Pink)', 6, '2/24/2018', '1.40', '1.68'),
(346, 'Baby A Design 12 heros (Green)', 0, '2/24/2018', '1.40', '1.68'),
(347, 'Baby A Design 12 heros (Orange)', 4, '2/24/2018', '1.40', '1.68'),
(348, 'Baby A Design 12 heros (Red)', 0, '2/24/2018', '1.40', '1.68'),
(349, 'Baby A Design 13 Animal Head (Pink)', 3, '2/24/2018', '1.40', '1.68'),
(350, 'Baby A Design 13 Animal Head (Brown)', 1, '2/24/2018', '1.40', '1.68'),
(351, 'Baby A Design 13 Animal Head (Grey)', 4, '2/24/2018', '1.40', '1.68'),
(352, 'Baby A Design 14 Plushie Line alike (Pink Heart sh', 16, '2/24/2018', '1.40', '1.68'),
(353, 'Baby A Design 14 Plushie Line alike (Grey Mouse)', 20, '2/24/2018', '1.40', '1.68'),
(354, 'Baby A Design 14 Plushie Line alike (Blue Mouse)', 13, '2/24/2018', '1.40', '1.68'),
(355, 'Baby A Design 14 Plushie Line alike (White Rabbit)', 17, '2/24/2018', '1.40', '1.68'),
(356, 'Baby A Design 14 Plushie Line alike (Brown Bear)', 0, '2/24/2018', '1.40', '1.68'),
(357, 'Baby A Design 15 Baby Zoo (Pink Koala)', 2, '2/24/2018', '1.40', '1.68'),
(358, 'Baby A Design 15 Baby Zoo (White cat)', 2, '2/24/2018', '1.40', '1.68'),
(359, 'Baby A Design 15 Baby Zoo (Penguine)', 1, '2/24/2018', '1.40', '1.68'),
(360, 'Baby A Design 15 Baby Zoo (Panda)', 2, '2/24/2018', '1.40', '1.68'),
(361, 'Baby A Design 16 Character Invisible (Hello Kitty ', 3, '2/24/2018', '1.40', '1.68'),
(362, 'Baby A Design 16 Character Invisible (Hello Kitty ', 2, '2/24/2018', '1.40', '1.68'),
(363, 'Baby A Design 16 Character Invisible (Snoopy Yello', 7, '2/24/2018', '1.40', '1.68'),
(364, 'Baby A Design 16 Character Invisible (Winnie)', 3, '2/24/2018', '1.40', '1.68'),
(365, 'Baby A Design 16 Character Invisible (Mickey)', 3, '2/24/2018', '1.40', '1.68'),
(366, 'Baby A Design 16 Character Invisible (Snoopy Blue)', 3, '2/24/2018', '1.40', '1.68'),
(367, 'Baby A Design 17 Baby Polka Dots (Grey)', 36, '2/24/2018', '1.40', '1.68'),
(368, 'Baby A Design 17 Baby Polka Dots (Blue)', 29, '2/24/2018', '1.40', '1.68'),
(369, 'Baby A Design 17 Baby Polka Dots (Brown)', 39, '2/24/2018', '1.40', '1.68'),
(370, 'Baby A Design 17 Baby Polka Dots (Orange)', 31, '2/24/2018', '1.40', '1.68'),
(371, 'Baby A Design 17 Baby Polka Dots (Red)', 23, '2/24/2018', '1.40', '1.68'),
(372, 'Baby A Design 18 Baby Bull Dog (Grey)', 37, '2/24/2018', '1.40', '1.68'),
(373, 'Baby A Design 18 Baby Bull Dog (Brown)', 38, '2/24/2018', '1.40', '1.68'),
(374, 'Baby A Design 18 Baby Bull Dog (Green Lines)', 39, '2/24/2018', '1.40', '1.68'),
(375, 'Baby A Design 18 Baby Bull Dog (Orange)', 38, '2/24/2018', '1.40', '1.68'),
(376, 'Baby A Design 18 Baby Bull Dog (Red)', 36, '2/24/2018', '1.40', '1.68'),
(377, 'Baby A Design 19 Baby Kittens (Brown)', 38, '2/24/2018', '1.40', '1.68'),
(378, 'Baby A Design 19 Baby Kittens (Grey)', 36, '2/24/2018', '1.40', '1.68'),
(379, 'Baby A Design 19 Baby Kittens (Pink)', 30, '2/24/2018', '1.40', '1.68'),
(380, 'Baby A Design 19 Baby Kittens (White)', 35, '2/24/2018', '1.40', '1.68'),
(381, 'Baby A Design 19 Baby Kittens (Dark Grey)', 35, '2/24/2018', '1.40', '1.68'),
(382, 'Baby A Design 20 Baby Lines (Grey)', 35, '2/24/2018', '1.40', '1.68'),
(383, 'Baby A Design 20 Baby Lines (Pink)', 30, '2/24/2018', '1.40', '1.68'),
(384, 'Baby A Design 20 Baby Lines (White)', 32, '2/24/2018', '1.40', '1.68'),
(385, 'Baby A Design 20 Baby Lines (Yellow)', 36, '2/24/2018', '1.40', '1.68'),
(386, 'Baby A Design 20 Baby Lines (Blue)', 31, '2/24/2018', '1.40', '1.68'),
(387, 'Baby B Design 1 Urban Baby (Yellow)', 39, '2/24/2018', '1.40', '0.00'),
(388, 'Baby B Design 1 Urban Baby (Navy)', 39, '2/24/2018', '1.40', '0.00'),
(389, 'Baby B Design 1 Urban Baby (Grey)', 39, '2/24/2018', '1.40', '0.00'),
(390, 'Baby B Design 1 Urban Baby (White)', 38, '2/24/2018', '1.40', '0.00'),
(391, 'Baby B Design 1 Urban Baby (Brown)', 39, '2/24/2018', '1.40', '0.00'),
(392, 'Baby B Design 2 Happy 3 friends baby (Pink Bear)', 10, '2/24/2018', '1.40', '0.00'),
(393, 'Baby B Design 2 Happy 3 friends baby (Yellow Chick', 11, '2/24/2018', '1.40', '0.00'),
(394, 'Baby B Design 2 Happy 3 friends baby (Sleeping bir', 10, '2/24/2018', '1.40', '0.00'),
(395, 'Baby B Design 3 Happy 3 friends baby II (White Cat', 11, '2/24/2018', '1.40', '0.00'),
(396, 'Baby B Design 3 Happy 3 friends baby II (Yellow Fo', 8, '2/24/2018', '1.40', '0.00'),
(397, 'Baby B Design 3 Happy 3 friends baby II (Penguine)', 6, '2/24/2018', '1.40', '0.00'),
(398, 'Design A Polka Candy (Pink)', 5, '2/24/2018', '1.40', '1.68'),
(399, 'Design A Polka Candy (Blue)', 1, '2/24/2018', '1.40', '1.68'),
(400, 'Design A Polka Candy (White)', 1, '2/24/2018', '1.40', '1.68'),
(401, 'Design A Polka Candy (Nude)', 13, '2/24/2018', '1.40', '1.68'),
(402, 'Design B Sanrio (Pink)', 7, '2/24/2018', '1.40', '1.68'),
(403, 'Design B Sanrio (White)', 5, '2/24/2018', '1.40', '1.68'),
(404, 'Design B Sanrio (Yellow)', 7, '2/24/2018', '1.40', '1.68'),
(405, 'Design C Sexy Lips (Blue)', 26, '2/24/2018', '1.40', '1.68'),
(406, 'Design C Sexy Lips (Nude)', 3, '2/24/2018', '1.40', '1.68'),
(407, 'Design C Sexy Lips (Dark Blue)', 1, '2/24/2018', '1.40', '1.68'),
(408, 'Design C Sexy Lips (White)', 5, '2/24/2018', '1.40', '1.68'),
(409, 'Design C Sexy Lips (Pink)', 0, '2/24/2018', '1.40', '1.68'),
(410, 'Design D (2 stripes shopee) The Babies (Frog)', 7, '2/24/2018', '1.40', '1.68'),
(411, 'Design D (2 stripes shopee) The Babies (Panda)', 1, '2/24/2018', '1.40', '1.68'),
(412, 'Design D (2 stripes shopee) The Babies (Bear)', 0, '2/24/2018', '1.40', '1.68'),
(413, 'Design D (2 stripes shopee) The Babies (Rabbit)', 1, '2/24/2018', '1.40', '1.68'),
(414, 'Design D (2 stripes shopee) The Babies (Chick)', 2, '2/24/2018', '1.40', '1.68'),
(415, 'Design E Pineapples Party (Pink)', 2, '2/24/2018', '1.40', '0.00'),
(416, 'Design E Pineapples Party (Blue)', 1, '2/24/2018', '1.40', '0.00'),
(417, 'Design E Pineapples Party (White)', 1, '2/24/2018', '1.40', '0.00'),
(418, 'Design F Hearts Ankle (Grey)', 3, '2/24/2018', '1.40', '0.00'),
(419, 'Design F Hearts Ankle (Pink)', 3, '2/24/2018', '1.40', '0.00'),
(420, 'Design F Hearts Ankle (Black)', 2, '2/24/2018', '1.40', '0.00'),
(421, 'Design F Hearts Ankle (White)', 1, '2/24/2018', '1.40', '0.00'),
(422, 'Design F Hearts Ankle (Nude)', 2, '2/24/2018', '1.40', '0.00'),
(423, 'Design G Hearts in the air (Polka Dot)', 33, '2/24/2018', '1.40', '1.68'),
(424, 'Design G Hearts in the air (Grey white stripes)', 25, '2/24/2018', '1.40', '1.68'),
(425, 'Design G Hearts in the air (2 stripes white base)', 31, '2/24/2018', '1.40', '1.68'),
(426, 'Design G Hearts in the air (2 stripes black base)', 5, '2/24/2018', '1.40', '1.68'),
(427, 'Design G Hearts in the air ( Multi Stripes White b', 29, '2/24/2018', '1.40', '1.68'),
(428, 'Design H Flamingo & Friends (Blue)', 38, '2/24/2018', '1.40', '1.68'),
(429, 'Design H Flamingo & Friends (Nude)', 2, '2/24/2018', '1.40', '1.68'),
(430, 'Design H Flamingo & Friends (White)', 23, '2/24/2018', '1.40', '1.68'),
(431, 'Design H Flamingo & Friends (Pink)', 15, '2/24/2018', '1.40', '1.68'),
(432, 'Design H Flamingo & Friends (Black)', 29, '2/24/2018', '1.40', '1.68'),
(433, 'Design I Butt up (Nude)', 0, '2/24/2018', '1.40', '1.68'),
(434, 'Design I Butt up (White Panda)', 2, '2/24/2018', '1.40', '1.68'),
(435, 'Design I Butt up (White Rabbit)', 10, '2/24/2018', '1.40', '1.68'),
(436, 'Design J: Mini Zoo Emoji (Duck)', 18, '2/24/2018', '1.40', '1.68'),
(437, 'Design J: Mini Zoo Emoji (Giraffe)', 9, '2/24/2018', '1.40', '1.68'),
(438, 'Design J: Mini Zoo Emoji (Pony)', 1, '2/24/2018', '1.40', '1.68'),
(439, 'Design J: Mini Zoo Emoji (Whale)', 5, '2/24/2018', '1.40', '1.68'),
(440, 'Design J: Mini Zoo Emoji (Croc)', 17, '2/24/2018', '1.40', '1.68'),
(441, 'Design K: Spongebob & Friends (Spongebob)', 1, '2/24/2018', '1.40', '1.68'),
(442, 'Design K: Spongebob & Friends (Big nose)', 0, '2/24/2018', '1.40', '1.68'),
(443, 'Design K: Spongebob & Friends (Patrick)', 1, '2/24/2018', '1.40', '1.68'),
(444, 'Design K: Spongebob & Friends (Crab)', 6, '2/24/2018', '1.40', '1.68'),
(445, 'Design K: Spongebob & Friends (Hamster)', 10, '2/24/2018', '1.40', '1.68'),
(446, 'Design I: Long totoro (Black)', 2, '2/24/2018', '1.40', '1.68'),
(447, 'Design I: Long totoro (Brown)', 8, '2/24/2018', '1.40', '1.68'),
(448, 'Design I: Long totoro (Grey)', 2, '2/24/2018', '1.40', '1.68'),
(449, 'Design I: Long totoro (White)', 2, '2/24/2018', '1.40', '1.68'),
(450, 'Design I: Long totoro (Blue)', 1, '2/24/2018', '1.40', '1.68'),
(451, 'Design M: Cute Icons (Brown)', 8, '2/24/2018', '1.40', '1.68'),
(452, 'Design M: Cute Icons (Nude)', 33, '2/24/2018', '1.40', '1.68'),
(453, 'Design M: Cute Icons (White)', 29, '2/24/2018', '1.40', '1.68'),
(454, 'Design M: Cute Icons (Grey)', 13, '2/24/2018', '1.40', '1.68'),
(455, 'Design M: Cute Icons (Black)', 0, '2/24/2018', '1.40', '1.68'),
(456, 'Design N: Mono Expression (Brown)', 6, '2/24/2018', '1.40', '1.68'),
(457, 'Design N: Mono Expression (Nude)', 2, '2/24/2018', '1.40', '1.68'),
(458, 'Design N: Mono Expression (White)', 6, '2/24/2018', '1.40', '1.68'),
(459, 'Design N: Mono Expression (Grey)', 12, '2/24/2018', '1.40', '1.68'),
(460, 'Design N: Mono Expression (Black)', 10, '2/24/2018', '1.40', '1.68'),
(461, 'Design O Pastel Birds (Grey)', 5, '2/24/2018', '1.40', '1.68'),
(462, 'Design O Pastel Birds (Pink)', 11, '2/24/2018', '1.40', '1.68'),
(463, 'Design O Pastel Birds (Blue)', 9, '2/24/2018', '1.40', '1.68'),
(464, 'Design O Pastel Birds (Green)', 11, '2/24/2018', '1.40', '1.68'),
(465, 'Design P: Around The world (Star Monkey)', 12, '2/24/2018', '1.40', '1.68'),
(466, 'Design P: Around The world (Dots Panda)', 13, '2/24/2018', '1.40', '1.68'),
(467, 'Design P: Around The world (Paw Cat)', 9, '2/24/2018', '1.40', '1.68'),
(468, 'Design P: Around The world (Hearts Pig)', 3, '2/24/2018', '1.40', '1.68'),
(469, 'Design P: Around The world (Paw Dog)', 17, '2/24/2018', '1.40', '1.68'),
(470, 'Design Q: Happy 5 friends (Chick)', 2, '2/24/2018', '1.40', '1.68'),
(471, 'Design Q: Happy 5 friends (Polar)', 0, '2/24/2018', '1.40', '1.68'),
(472, 'Design Q: Happy 5 friends (Dog)', 5, '2/24/2018', '1.40', '1.68'),
(473, 'Design Q: Happy 5 friends (Sheep)', 2, '2/24/2018', '1.40', '1.68'),
(474, 'Design Q: Happy 5 friends (Pig)', 2, '2/24/2018', '1.40', '1.68'),
(475, 'Design R: Candies World (Pastel Rainbow)', 2, '2/24/2018', '1.40', '1.68'),
(476, 'Design R: Candies World (Bright Rainbow)', 5, '2/24/2018', '1.40', '1.68'),
(477, 'Design S Heart Beats (Black base red heart)', 3, '2/24/2018', '1.40', '1.68'),
(478, 'Design S Heart Beats (White base pink heart)', 11, '2/24/2018', '1.40', '1.68'),
(479, 'Design S Heart Beats (Nude base dark red heart)', 1, '2/24/2018', '1.40', '1.68'),
(480, 'Design S Heart Beats (White base black heart)', 2, '2/24/2018', '1.40', '1.68'),
(481, 'Design S Heart Beats (Grey base red heart)', 3, '2/24/2018', '1.40', '1.68'),
(482, 'Design S Heart Beats (White base red heart)', 1, '2/24/2018', '1.40', '1.68'),
(483, 'Design T Panda Friends (Thin Stripes)', 29, '2/24/2018', '1.40', '1.68'),
(484, 'Design T Panda Friends (Polka Dots)', 18, '2/24/2018', '1.40', '1.68'),
(485, 'Design T Panda Friends (Plain)', 34, '2/24/2018', '1.40', '1.68'),
(486, 'Design T Panda Friends (Thick Stripes)', 32, '2/24/2018', '1.40', '1.68'),
(487, 'Gentlemen A Design 1 Argyle (Grey)', 17, '2/24/2018', '1.40', '3.25'),
(488, 'Gentlemen A Design 1 Argyle (Charcoal)', 0, '2/24/2018', '1.40', '3.25'),
(489, 'Gentlemen A Design 1 Argyle (Navy)', 11, '2/24/2018', '1.40', '3.25'),
(490, 'Gentlemen A Design 1 Argyle (Black)', 36, '2/24/2018', '1.40', '3.25'),
(491, 'Gentlemen A Design 2 Basic (Dark Grey)', 2, '2/24/2018', '1.40', '2.25'),
(492, 'Gentlemen A Design 2 Basic (Blue)', 0, '2/24/2018', '1.40', '2.25'),
(493, 'Gentlemen A Design 2 Basic (Maroon)', 0, '2/24/2018', '1.40', '2.25'),
(494, 'Gentlemen A Design 2 Basic (Green)', 13, '2/24/2018', '1.40', '2.25'),
(495, 'Gentlemen A Design 2 Basic (Brown)', 1, '2/24/2018', '1.40', '2.25'),
(496, 'Gentlemen A Design 3 Urban (Dark Grey)', 2, '2/24/2018', '1.40', '3.25'),
(497, 'Gentlemen A Design 3 Urban (Charcoal)', 3, '2/24/2018', '1.40', '3.25'),
(498, 'Gentlemen A Design 3 Urban (Light Grey)', 7, '2/24/2018', '1.40', '3.25'),
(499, 'Gentlemen A Design 3 Urban (D Nude)', 1, '2/24/2018', '1.40', '3.25'),
(500, 'Gentlemen A Design 3 Urban (Navy)', 0, '2/24/2018', '1.40', '3.25'),
(501, 'Gentlemen A Design 4 Essential (Blue)', 2, '2/24/2018', '1.40', '3.25'),
(502, 'Gentlemen A Design 4 Essential (White)', 2, '2/24/2018', '1.40', '3.25'),
(503, 'Gentlemen A Design 4 Essential (Charcoal)', 2, '2/24/2018', '1.40', '3.25'),
(504, 'Gentlemen A Design 4 Essential (Grey)', 0, '2/24/2018', '1.40', '3.25'),
(505, 'Gentlemen A Design 4 Essential (Navy)', 0, '2/24/2018', '1.40', '3.25'),
(506, 'Gentlemen A Design 5 Stripes (Grey Top)', 7, '2/24/2018', '1.40', '3.25'),
(507, 'Gentlemen A Design 5 Stripes (Green Top)', 0, '2/24/2018', '1.40', '3.25'),
(508, 'Gentlemen A Design 5 Stripes (Black Top)', 0, '2/24/2018', '1.40', '3.25'),
(509, 'Gentlemen A Design 5 Stripes (Nude Top)', 5, '2/24/2018', '1.40', '3.25'),
(510, 'Gentlemen A Design 5 Stripes (Light Grey Top)', 1, '2/24/2018', '1.40', '3.25'),
(511, 'Gentlemen A Design 6 Checkered (Red Accent)', 17, '2/24/2018', '1.40', '3.25'),
(512, 'Gentlemen A Design 6 Checkered (Blue Accent)', 13, '2/24/2018', '1.40', '3.25'),
(513, 'Gentlemen A Design 6 Checkered (Green Accen)', 13, '2/24/2018', '1.40', '3.25'),
(514, 'Gentlemen A Design 6 Checkered (Brown Accent)', 6, '2/24/2018', '1.40', '3.25'),
(515, 'Gentlemen A Design 7 Gent Rainbow Stripes (Blue re', 5, '2/24/2018', '1.40', '3.25'),
(516, 'Gentlemen A Design 7 Gent Rainbow Stripes (Dark Bl', 3, '2/24/2018', '1.40', '3.25'),
(517, 'Gentlemen A Design 7 Gent Rainbow Stripes ( Black ', 2, '2/24/2018', '1.40', '3.25'),
(518, 'Gentlemen A Design 8 Tartan (Red)', 19, '2/24/2018', '1.40', '3.25'),
(519, 'Gentlemen A Design 8 Tartan (Grey)', 15, '2/24/2018', '1.40', '3.25'),
(520, 'Gentlemen A Design 8 Tartan (White)', 17, '2/24/2018', '1.40', '3.25'),
(521, 'Gentlemen A Design 8 Tartan (Nude)', 12, '2/24/2018', '1.40', '3.25'),
(522, 'Gentlemen A Design 8 Tartan (Blue)', 14, '2/24/2018', '1.40', '3.25'),
(523, 'Gentlemen A Design 9 Diamond (Navy White tip)', 20, '2/24/2018', '1.40', '3.25'),
(524, 'Gentlemen A Design 9 Diamond (Grey white tip)', 20, '2/24/2018', '1.40', '3.25'),
(525, 'Gentlemen A Design 9 Diamond (Black blue tip)', 36, '2/24/2018', '1.40', '3.25'),
(526, 'Gentlemen A Design 9 Diamond (Black Orange tip)', 15, '2/24/2018', '1.40', '3.25'),
(527, 'Gentlemen A Design 9 Diamond (Blue Red Tip)', 30, '2/24/2018', '1.40', '3.25'),
(528, 'Gentlemen A Design 9 Diamond (Purple Green tip)', 15, '2/24/2018', '1.40', '3.25'),
(529, 'Gentlemen A Design 9 Diamond (White Tip Blue Base)', 21, '2/24/2018', '1.40', '3.25'),
(530, 'Gentlemen A Design 9 Diamond (Yellow Tip Grey Base', 12, '2/24/2018', '1.40', '3.25'),
(531, 'Gentlemen A Design 10 Funky (Waves)', 14, '2/24/2018', '1.40', '3.25'),
(532, 'Gentlemen A Design 10 Funky (Trees)', 12, '2/24/2018', '1.40', '3.25'),
(533, 'Gentlemen A Design 10 Funky (Polka Dots)', 0, '2/24/2018', '1.40', '3.25'),
(534, 'Gentlemen A Design 11 Graphite 2 stripes (Blue Red', 15, '2/24/2018', '1.40', '3.25'),
(535, 'Gentlemen A Design 11 Graphite 2 stripes (Red Blue', 19, '2/24/2018', '1.40', '3.25'),
(536, 'Gentlemen A Design 11 Graphite 2 stripes (Red Blue', 20, '2/24/2018', '1.40', '3.25'),
(537, 'Gentlemen A Design 11 Graphite 2 stripes (Black bl', 18, '2/24/2018', '1.40', '3.25'),
(538, 'Gentlemen A Design 11 Graphite 2 stripes (Red Yell', 0, '2/24/2018', '1.40', '3.25'),
(539, 'Gentlemen A Design 12 Squares (Grey)', 2, '2/24/2018', '1.40', '3.25'),
(540, 'Gentlemen A Design 12 Squares (Black)', 1, '2/24/2018', '1.40', '3.25'),
(541, 'Gentlemen A Design 12 Squares (Navy)', 4, '2/24/2018', '1.40', '3.25'),
(542, 'Gentlemen A Design 12 Squares (Brown)', 1, '2/24/2018', '1.40', '3.25'),
(543, 'Gentlemen A Design 13 Waves (Red Tip)', 8, '2/24/2018', '1.40', '3.25'),
(544, 'Gentlemen A Design 13 Waves (Blue Tip)', 7, '2/24/2018', '1.40', '3.25'),
(545, 'Gentlemen A Design 13 Waves (Green Tip)', 5, '2/24/2018', '1.40', '3.25'),
(546, 'Gentlemen A Design 14 Ribbed (Matrix Dark Grey)', 7, '2/24/2018', '1.40', '3.25'),
(547, 'Gentlemen A Design 14 Ribbed (Matrix Light Grey)', 10, '2/24/2018', '1.40', '3.25'),
(548, 'Gentlemen A Design 14 Ribbed (Matrix Black)', 10, '2/24/2018', '1.40', '3.25'),
(549, 'Gentlemen A Design 14 Ribbed (Matrix Blue)', 7, '2/24/2018', '1.40', '3.25'),
(550, 'Gentlemen A Design 14 Ribbed (Matrix Brown)', 10, '2/24/2018', '1.40', '3.25'),
(551, 'Gentlemen A Design 15 Galaxy (Red Tip)', 10, '2/24/2018', '1.40', '3.25'),
(552, 'Gentlemen A Design 15 Galaxy (Dark Brown Tip)', 21, '2/24/2018', '1.40', '3.25'),
(553, 'Gentlemen A Design 15 Galaxy (Green Tip)', 11, '2/24/2018', '1.40', '3.25'),
(554, 'Gentlemen A Design 15 Galaxy (Black Tip)', 19, '2/24/2018', '1.40', '3.25'),
(555, 'Gentlemen A Design 15 Galaxy (Light Brown Tip)', 39, '2/24/2018', '1.40', '3.25'),
(556, 'Gentlemen A Design 16 Dual Prints (Black Tip)', 5, '2/24/2018', '1.40', '3.25'),
(557, 'Gentlemen A Design 16 Dual Prints (Blue Tip)', 4, '2/24/2018', '1.40', '3.25'),
(558, 'Gentlemen A Design 16 Dual Prints (Dark Grey Tip)', 2, '2/24/2018', '1.40', '3.25'),
(559, 'Gentlemen A Design 16 Dual Prints (Light Grey Tip)', 1, '2/24/2018', '1.40', '3.25'),
(560, 'Gentlemen A Design 16 Dual Prints (Navy Tip)', 1, '2/24/2018', '1.40', '3.25'),
(561, 'Gentlemen A Design 16 Dual Prints (Navy Grey Tip)', 4, '2/24/2018', '1.40', '3.25'),
(562, 'Gentlemen A Design 17 Navy Prints (Dots)', 2, '2/24/2018', '1.40', '3.25'),
(563, 'Gentlemen A Design 17 Navy Prints (Grey blue strip', 5, '2/24/2018', '1.40', '3.25'),
(564, 'Gentlemen A Design 17 Navy Prints (Blue stripes)', 5, '2/24/2018', '1.40', '3.25'),
(565, 'Gentlemen A Design 17 Navy Prints (Thin blue strip', 2, '2/24/2018', '1.40', '3.25'),
(566, 'Gentlemen A Design 17 Navy Prints (Blue patterned)', 9, '2/24/2018', '1.40', '3.25'),
(567, 'Gentlemen A Design 18 Multi Stripes (white blue bl', 0, '2/24/2018', '1.40', '3.25'),
(568, 'Gentlemen A Design 18 Multi Stripes (Black red bla', 7, '2/24/2018', '1.40', '3.25'),
(569, 'Gentlemen A Design 18 Multi Stripes (Grey blue ora', 1, '2/24/2018', '1.40', '3.25'),
(570, 'Gentlemen A Design 18 Multi Stripes (Blue orange b', 7, '2/24/2018', '1.40', '3.25'),
(571, 'Gentlemen A Design 18 Multi Stripes (Black blue re', 2, '2/24/2018', '1.40', '3.25'),
(572, 'Gentlemen A Design 19 Mono Stripes (Beige Tip)', 1, '2/24/2018', '1.40', '3.25'),
(573, 'Gentlemen A Design 19 Mono Stripes (Maroon Tip)', 1, '2/24/2018', '1.40', '3.25'),
(574, 'Gentlemen A Design 19 Mono Stripes (White Tip)', 4, '2/24/2018', '1.40', '3.25'),
(575, 'Gentlemen A Design 19 Mono Stripes (Black Tip)', 2, '2/24/2018', '1.40', '3.25'),
(576, 'Gentlemen A Design 20 Triple Stripes (Beigh Blue)', 1, '2/24/2018', '1.40', '3.25'),
(577, 'Gentlemen A Design 20 Triple Stripes (Brown Black)', 2, '2/24/2018', '1.40', '3.25'),
(578, 'Gentlemen A Design 20 Triple Stripes (Orange brown', 0, '2/24/2018', '1.40', '3.25'),
(579, 'Gentlemen A Design 20 Triple Stripes (Beigh Dark b', 1, '2/24/2018', '1.40', '3.25'),
(580, 'Gentlemen A Design 21 Diamond Pins (Brown)', 0, '2/24/2018', '1.40', '3.25'),
(581, 'Gentlemen A Design 21 Diamond Pins (Navy)', 0, '2/24/2018', '1.40', '3.25'),
(582, 'Gentlemen A Design 21 Diamond Pins (White)', 3, '2/24/2018', '1.40', '3.25'),
(583, 'Gentlemen A Design 21 Diamond Pins (Charcoal)', 2, '2/24/2018', '1.40', '3.25'),
(584, 'Gentlemen A Design 21 Diamond Pins (Black)', 1, '2/24/2018', '1.40', '3.25'),
(585, 'Gentlemen A Design 22 Double Stripes (Charcoal)', 11, '2/24/2018', '1.40', '3.25'),
(586, 'Gentlemen A Design 22 Double Stripes (Dark Blue)', 9, '2/24/2018', '1.40', '3.25'),
(587, 'Gentlemen A Design 22 Double Stripes (Light Blue)', 9, '2/24/2018', '1.40', '3.25'),
(588, 'Gentlemen A Design 22 Double Stripes (White)', 4, '2/24/2018', '1.40', '3.25'),
(589, 'Gentlemen A Design 22 Double Stripes (Black)', 9, '2/24/2018', '1.40', '3.25'),
(590, 'Gentlemen A Design 23 Funky Argyle (Brown)', 2, '2/24/2018', '1.40', '3.25'),
(591, 'Gentlemen A Design 23 Funky Argyle (Navy)', 12, '2/24/2018', '1.40', '3.25'),
(592, 'Gentlemen A Design 23 Funky Argyle (Black)', 9, '2/24/2018', '1.40', '3.25'),
(593, 'Gentlemen A Design 23 Funky Argyle (Grey)', 4, '2/24/2018', '1.40', '3.25'),
(594, 'Gentlemen A Design 23 Funky Argyle (White)', 5, '2/24/2018', '1.40', '3.25'),
(595, 'Gentlemen A Design 24 Dual Strips (Charcoal Base)', 8, '2/24/2018', '1.40', '3.25'),
(596, 'Gentlemen A Design 24 Dual Strips (Light Grey Base', 3, '2/24/2018', '1.40', '3.25'),
(597, 'Gentlemen A Design 24 Dual Strips (Navy Base)', 7, '2/24/2018', '1.40', '3.25'),
(598, 'Gentlemen A Design 24 Dual Strips (Navy Grey Base)', 9, '2/24/2018', '1.40', '3.25'),
(599, 'Gentlemen A Design 24 Dual Strips (Black Base)', 9, '2/24/2018', '1.40', '3.25'),
(600, 'Gentlemen A Design 25 Gentlemen Strips (Brown)', 10, '2/24/2018', '1.40', '3.25'),
(601, 'Gentlemen A Design 25 Gentlemen Strips (Charcoal)', 9, '2/24/2018', '1.40', '3.25'),
(602, 'Gentlemen A Design 25 Gentlemen Strips (Black)', 9, '2/24/2018', '1.40', '3.25'),
(603, 'Gentlemen A Design 25 Gentlemen Strips (Blue)', 7, '2/24/2018', '1.40', '3.25'),
(604, 'Gentlemen A Design 25 Gentlemen Strips (Red)', 8, '2/24/2018', '1.40', '3.25'),
(605, 'Gentlemen Ankle A Design 1 The Blues (Blue White L', 2, '2/24/2018', '1.40', '2.25'),
(606, 'Gentlemen Ankle A Design 1 The Blues (2 Blue Lines', 2, '2/24/2018', '1.40', '2.25'),
(607, 'Gentlemen Ankle A Design 1 The Blues (Gradient Blu', 2, '2/24/2018', '1.40', '2.25'),
(608, 'Gentlemen Ankle A Design 1 The Blues (Dotted)', 1, '2/24/2018', '1.40', '2.25'),
(609, 'Gentlemen Ankle A Design 1 The Blues (Argyle)', 1, '2/24/2018', '1.40', '2.25'),
(610, 'Gentlemen Ankle A Design 2 The Maroons (2 Stripe T', 6, '2/24/2018', '1.40', '2.25'),
(611, 'Gentlemen Ankle A Design 2 The Maroons (Thin Lines', 2, '2/24/2018', '1.40', '2.25'),
(612, 'Gentlemen Ankle A Design 2 The Maroons (Red Toes)', 2, '2/24/2018', '1.40', '2.25'),
(613, 'Gentlemen Ankle A Design 2 The Maroons (Red Charco', 8, '2/24/2018', '1.40', '2.25'),
(614, 'Gentlemen Ankle A Design 2 The Maroons (Charcoal R', 8, '2/24/2018', '1.40', '2.25');
INSERT INTO `inventory` (`SKU_Id`, `Name`, `Quantity`, `Updated_Date`, `Cost_Price`, `Selling_Price`) VALUES
(615, 'Gentlemen Ankle A Design 3 Kutsushita (White Red G', 3, '2/24/2018', '1.40', '2.25'),
(616, 'Gentlemen Ankle A Design 3 Kutsushita (Jap Flower ', 4, '2/24/2018', '1.40', '2.25'),
(617, 'Gentlemen Ankle A Design 3 Kutsushita (Tribal)', 3, '2/24/2018', '1.40', '2.25'),
(618, 'Gentlemen Ankle A Design 3 Kutsushita (Small flowe', 8, '2/24/2018', '1.40', '2.25'),
(619, 'Gentlemen Ankle A Design 3 Kutsushita (Diamond)', 5, '2/24/2018', '1.40', '2.25'),
(620, 'Gentlemen Ankle A Design 4 The Circus (Zig Zag)', 3, '2/24/2018', '1.40', '2.25'),
(621, 'Gentlemen Ankle A Design 4 The Circus (Dotted Line', 3, '2/24/2018', '1.40', '2.25'),
(622, 'Gentlemen Ankle A Design 4 The Circus (Tip Lines)', 7, '2/24/2018', '1.40', '2.25'),
(623, 'Gentlemen Ankle A Design 4 The Circus (Tri Color L', 1, '2/24/2018', '1.40', '2.25'),
(624, 'Gentlemen Ankle A Design 4 The Circus (Airplanes)', 2, '2/24/2018', '1.40', '2.25'),
(625, 'Gentlemen Ankle A Design 5 Thin Stripes (Black)', 44, '2/24/2018', '1.40', '2.25'),
(626, 'Gentlemen Ankle A Design 5 Thin Stripes (Maroon)', 48, '2/24/2018', '1.40', '2.25'),
(627, 'Gentlemen Ankle A Design 5 Thin Stripes (Green)', 50, '2/24/2018', '1.40', '2.25'),
(628, 'Gentlemen Ankle A Design 5 Thin Stripes (Light Bro', 48, '2/24/2018', '1.40', '2.25'),
(629, 'Gentlemen Ankle A Design 6 The Flash (Light Brown)', 48, '2/24/2018', '1.40', '2.25'),
(630, 'Gentlemen Ankle A Design 6 The Flash (Dark Brown)', 48, '2/24/2018', '1.40', '2.25'),
(631, 'Gentlemen Ankle A Design 6 The Flash (Blue)', 50, '2/24/2018', '1.40', '2.25'),
(632, 'Gentlemen Ankle A Design 6 The Flash (Green)', 46, '2/24/2018', '1.40', '2.25'),
(633, 'Gentlemen Ankle A Design 6 The Flash (Brown)', 29, '2/24/2018', '1.40', '2.25'),
(634, 'Gentlemen Ankle A Design 7 Double Line (Grey)', 45, '2/24/2018', '1.40', '2.25'),
(635, 'Gentlemen Ankle A Design 7 Double Line (Black)', 13, '2/24/2018', '1.40', '2.25'),
(636, 'Gentlemen Ankle A Design 7 Double Line (Blue)', 46, '2/24/2018', '1.40', '2.25'),
(637, 'Gentlemen Ankle A Design 7 Double Line (White)', 46, '2/24/2018', '1.40', '2.25'),
(638, 'Gentlemen Ankle A Design 8 3 Bars (Black)', 108, '2/24/2018', '1.40', '2.25'),
(639, 'Gentlemen Ankle A Design 8 3 Bars (Grey)', 134, '2/24/2018', '1.40', '2.25'),
(640, 'Gentlemen Ankle A Design 8 3 Bars (White)', 131, '2/24/2018', '1.40', '2.25'),
(641, '001-Gentlemen A Design 8 Tartan (White)&Gentlemen A Design 14 Ribbed (Matrix Black)', 0, '3/19/2018', '6.00', '4.50'),
(642, '002-Basic A Design 4 Bamboo Short(White)& Design J: Mini Zoo Emoji(Pony)', 0, '3/19/2018', '2.50', '3.00'),
(643, '003-Collection A Design 9 Pastel Lines(Brown Bear&Baby A Design 19 Baby Kittens (Pink)', 0, '2018-03-22', '15.00', '12.00');

-- --------------------------------------------------------

--
-- Table structure for table `inventory_purchase`
--

CREATE TABLE `inventory_purchase` (
  `SKU_Id` int(255) NOT NULL,
  `Quantity` int(11) NOT NULL,
  `Date_Of_Purchase` date NOT NULL
) ENGINE=InnoDB DEFAULT CHARSET=latin1;

--
-- Dumping data for table `inventory_purchase`
--

INSERT INTO `inventory_purchase` (`SKU_Id`, `Quantity`, `Date_Of_Purchase`) VALUES
(609, 40, '0000-00-00'),
(608, 20, '0000-00-00'),
(5, 3, '2018-02-07'),
(608, 20, '2018-02-28'),
(609, 11, '2018-02-20'),
(37, 4, '2018-03-19'),
(30, 20, '2018-03-19'),
(44, 13, '2018-02-15');

-- --------------------------------------------------------

--
-- Table structure for table `user`
--

CREATE TABLE `user` (
  `Name` varchar(30) NOT NULL,
  `Password` varchar(50) NOT NULL
) ENGINE=MyISAM DEFAULT CHARSET=latin1;

--
-- Dumping data for table `user`
--

INSERT INTO `user` (`Name`, `Password`) VALUES
('qingyang', 'the92shop');

--
-- Indexes for dumped tables
--

--
-- Indexes for table `customer`
--
ALTER TABLE `customer`
  ADD PRIMARY KEY (`Cust_Id`);

--
-- Indexes for table `customer_purchase`
--
ALTER TABLE `customer_purchase`
  ADD PRIMARY KEY (`Order_Id`),
  ADD KEY `Cust_Id` (`Cust_Id`),
  ADD KEY `customer_purchase_ibfk_2_idx` (`SKU_Id`);

--
-- Indexes for table `expensetypes`
--
ALTER TABLE `expensetypes`
  ADD PRIMARY KEY (`ExpenseType`);

--
-- Indexes for table `inventory`
--
ALTER TABLE `inventory`
  ADD PRIMARY KEY (`SKU_Id`);

--
-- Indexes for table `inventory_purchase`
--
ALTER TABLE `inventory_purchase`
  ADD KEY `inventory_purchase_ibfk_1_idx` (`SKU_Id`);

--
-- Indexes for table `user`
--
ALTER TABLE `user`
  ADD PRIMARY KEY (`Name`);

--
-- AUTO_INCREMENT for dumped tables
--

--
-- AUTO_INCREMENT for table `customer`
--
ALTER TABLE `customer`
  MODIFY `Cust_Id` int(30) NOT NULL AUTO_INCREMENT, AUTO_INCREMENT=490;
--
-- AUTO_INCREMENT for table `customer_purchase`
--
ALTER TABLE `customer_purchase`
  MODIFY `Order_Id` int(30) NOT NULL AUTO_INCREMENT, AUTO_INCREMENT=595;
--
-- AUTO_INCREMENT for table `inventory`
--
ALTER TABLE `inventory`
  MODIFY `SKU_Id` int(255) NOT NULL AUTO_INCREMENT, AUTO_INCREMENT=644;
--
-- Constraints for dumped tables
--

--
-- Constraints for table `customer_purchase`
--
ALTER TABLE `customer_purchase`
  ADD CONSTRAINT `customer_purchase_ibfk_1` FOREIGN KEY (`Cust_Id`) REFERENCES `customer` (`Cust_Id`),
  ADD CONSTRAINT `customer_purchase_ibfk_2` FOREIGN KEY (`SKU_Id`) REFERENCES `inventory` (`SKU_Id`);

--
-- Constraints for table `inventory_purchase`
--
ALTER TABLE `inventory_purchase`
  ADD CONSTRAINT `inventory_purchase_ibfk_1` FOREIGN KEY (`SKU_Id`) REFERENCES `inventory` (`SKU_Id`);

/*!40101 SET CHARACTER_SET_CLIENT=@OLD_CHARACTER_SET_CLIENT */;
/*!40101 SET CHARACTER_SET_RESULTS=@OLD_CHARACTER_SET_RESULTS */;
/*!40101 SET COLLATION_CONNECTION=@OLD_COLLATION_CONNECTION */;
